736048,20150326,1,0,11.2142,2,0,9.0779
736048,20150326,1,0,11.2142,3,0,7.3498
736048,20150326,1,0,11.2142,4,0,7.1793
736048,20150326,1,0,11.2142,5,0,6.7124
736048,20150326,1,0,11.2142,6,0,6.5835
736048,20150326,1,0,11.2142,7,0,6.4455
736048,20150326,1,0,11.2142,8,0,6.1662
736048,20150326,1,0,11.2142,9,0,5.9196
736048,20150326,1,0,11.2142,10,0,5.6382
736048,20150326,1,0,11.2142,11,0,5.3507
736048,20150326,1,0,11.2142,12,0,4.8504
736048,20150326,1,0,11.2142,13,0,4.5739
736048,20150326,1,0,11.2142,14,0,4.4812
736048,20150326,1,0,11.2142,15,0,4.4428
736048,20150326,1,0,11.2142,16,0,4.3865
736048,20150326,1,0,11.2142,17,0,4.3328
736048,20150326,1,0,11.2142,18,0,3.8138
736048,20150326,1,0,11.2142,19,0,3.5496
736048,20150326,1,0,11.2142,20,0,3.4693
736048,20150326,1,0,11.2142,21,0,3.4632
736048,20150326,1,0,11.2142,22,0,3.3423
736048,20150326,1,0,11.2142,23,0,3.2736
736048,20150326,1,0,11.2142,24,0,3.2601
736048,20150326,1,0,11.2142,25,0,3.2355
736048,20150326,1,0,11.2142,26,0,3.2179
736048,20150326,1,0,11.2142,27,0,3.1993
736048,20150326,1,0,11.2142,28,0,3.1427
736048,20150326,1,0,11.2142,29,0,3.0755
736048,20150326,1,0,11.2142,30,0,3.0517
736048,20150326,1,0,11.2142,31,0,3.0438
736048,20150326,1,0,11.2142,32,0,2.9955
736048,20150326,1,0,11.2142,33,0,2.9112
736048,20150326,1,0,11.2142,34,0,2.8597
736048,20150326,1,0,11.2142,35,0,2.7765
736048,20150326,1,0,11.2142,36,0,2.7693
736048,20150326,1,0,11.2142,37,0,2.7157
736048,20150326,1,0,11.2142,38,0,2.6936
736048,20150326,1,0,11.2142,39,0,2.6147
736048,20150326,1,0,11.2142,40,0,2.5915
736048,20150326,1,0,11.2142,41,0,2.5753
736048,20150326,1,0,11.2142,42,0,2.5376
736048,20150326,1,0,11.2142,43,0,2.5053
736048,20150326,1,0,11.2142,44,0,2.4774
736048,20150326,1,0,11.2142,45,0,2.4545
736048,20150326,1,0,11.2142,46,0,2.446
736048,20150326,1,0,11.2142,47,0,2.3776
736048,20150326,1,0,11.2142,48,0,2.3015
736048,20150326,1,0,11.2142,49,0,2.2761
736048,20150326,1,0,11.2142,50,0,2.2693
736048,20150326,1,0,11.2142,51,0,2.2648
736048,20150326,1,0,11.2142,52,0,2.2226
736048,20150326,1,0,11.2142,53,0,2.1786
736048,20150326,1,0,11.2142,54,0,2.141
736048,20150326,1,0,11.2142,55,0,2.1348
736048,20150326,1,0,11.2142,56,0,2.1038
736048,20150326,1,0,11.2142,57,0,2.1023
736048,20150326,1,0,11.2142,58,0,2.0693
736048,20150326,1,0,11.2142,59,0,2.0338
736048,20150326,1,0,11.2142,60,0,2.0271
736048,20150326,1,0,11.2142,61,0,1.9983
736048,20150326,1,0,11.2142,62,0,1.9729
736048,20150326,1,0,11.2142,63,0,1.9723
736048,20150326,1,0,11.2142,64,0,1.9518
736048,20150326,2,0,9.0779,3,0,7.3498
736048,20150326,2,0,9.0779,4,0,7.1793
736048,20150326,2,0,9.0779,5,0,6.7124
736048,20150326,2,0,9.0779,6,0,6.5835
736048,20150326,2,0,9.0779,7,0,6.4455
736048,20150326,2,0,9.0779,8,0,6.1662
736048,20150326,2,0,9.0779,9,0,5.9196
736048,20150326,2,0,9.0779,10,0,5.6382
736048,20150326,2,0,9.0779,11,0,5.3507
736048,20150326,2,0,9.0779,12,0,4.8504
736048,20150326,2,0,9.0779,13,0,4.5739
736048,20150326,2,0,9.0779,14,0,4.4812
736048,20150326,2,0,9.0779,15,0,4.4428
736048,20150326,2,0,9.0779,16,0,4.3865
736048,20150326,2,0,9.0779,17,0,4.3328
736048,20150326,2,0,9.0779,18,0,3.8138
736048,20150326,2,0,9.0779,19,0,3.5496
736048,20150326,2,0,9.0779,20,0,3.4693
736048,20150326,2,0,9.0779,21,0,3.4632
736048,20150326,2,0,9.0779,22,0,3.3423
736048,20150326,2,0,9.0779,23,0,3.2736
736048,20150326,2,0,9.0779,24,0,3.2601
736048,20150326,2,0,9.0779,25,0,3.2355
736048,20150326,2,0,9.0779,26,0,3.2179
736048,20150326,2,0,9.0779,27,0,3.1993
736048,20150326,2,0,9.0779,28,0,3.1427
736048,20150326,2,0,9.0779,29,0,3.0755
736048,20150326,2,0,9.0779,30,0,3.0517
736048,20150326,2,0,9.0779,31,0,3.0438
736048,20150326,2,0,9.0779,32,0,2.9955
736048,20150326,2,0,9.0779,33,0,2.9112
736048,20150326,2,0,9.0779,34,0,2.8597
736048,20150326,2,0,9.0779,35,0,2.7765
736048,20150326,2,0,9.0779,36,0,2.7693
736048,20150326,2,0,9.0779,37,0,2.7157
736048,20150326,2,0,9.0779,38,0,2.6936
736048,20150326,2,0,9.0779,39,0,2.6147
736048,20150326,2,0,9.0779,40,0,2.5915
736048,20150326,2,0,9.0779,41,0,2.5753
736048,20150326,2,0,9.0779,42,0,2.5376
736048,20150326,2,0,9.0779,43,0,2.5053
736048,20150326,2,0,9.0779,44,0,2.4774
736048,20150326,2,0,9.0779,45,0,2.4545
736048,20150326,2,0,9.0779,46,0,2.446
736048,20150326,2,0,9.0779,47,0,2.3776
736048,20150326,2,0,9.0779,48,0,2.3015
736048,20150326,2,0,9.0779,49,0,2.2761
736048,20150326,2,0,9.0779,50,0,2.2693
736048,20150326,2,0,9.0779,51,0,2.2648
736048,20150326,2,0,9.0779,52,0,2.2226
736048,20150326,2,0,9.0779,53,0,2.1786
736048,20150326,2,0,9.0779,54,0,2.141
736048,20150326,2,0,9.0779,55,0,2.1348
736048,20150326,2,0,9.0779,56,0,2.1038
736048,20150326,2,0,9.0779,57,0,2.1023
736048,20150326,2,0,9.0779,58,0,2.0693
736048,20150326,2,0,9.0779,59,0,2.0338
736048,20150326,2,0,9.0779,60,0,2.0271
736048,20150326,2,0,9.0779,61,0,1.9983
736048,20150326,2,0,9.0779,62,0,1.9729
736048,20150326,2,0,9.0779,63,0,1.9723
736048,20150326,2,0,9.0779,64,0,1.9518
736048,20150326,3,0,7.3498,4,0,7.1793
736048,20150326,3,0,7.3498,5,0,6.7124
736048,20150326,3,0,7.3498,6,0,6.5835
736048,20150326,3,0,7.3498,7,0,6.4455
736048,20150326,3,0,7.3498,8,0,6.1662
736048,20150326,3,0,7.3498,9,0,5.9196
736048,20150326,3,0,7.3498,10,0,5.6382
736048,20150326,3,0,7.3498,11,0,5.3507
736048,20150326,3,0,7.3498,12,0,4.8504
736048,20150326,3,0,7.3498,13,0,4.5739
736048,20150326,3,0,7.3498,14,0,4.4812
736048,20150326,3,0,7.3498,15,0,4.4428
736048,20150326,3,0,7.3498,16,0,4.3865
736048,20150326,3,0,7.3498,17,0,4.3328
736048,20150326,3,0,7.3498,18,0,3.8138
736048,20150326,3,0,7.3498,19,0,3.5496
736048,20150326,3,0,7.3498,20,0,3.4693
736048,20150326,3,0,7.3498,21,0,3.4632
736048,20150326,3,0,7.3498,22,0,3.3423
736048,20150326,3,0,7.3498,23,0,3.2736
736048,20150326,3,0,7.3498,24,0,3.2601
736048,20150326,3,0,7.3498,25,0,3.2355
736048,20150326,3,0,7.3498,26,0,3.2179
736048,20150326,3,0,7.3498,27,0,3.1993
736048,20150326,3,0,7.3498,28,0,3.1427
736048,20150326,3,0,7.3498,29,0,3.0755
736048,20150326,3,0,7.3498,30,0,3.0517
736048,20150326,3,0,7.3498,31,0,3.0438
736048,20150326,3,0,7.3498,32,0,2.9955
736048,20150326,3,0,7.3498,33,0,2.9112
736048,20150326,3,0,7.3498,34,0,2.8597
736048,20150326,3,0,7.3498,35,0,2.7765
736048,20150326,3,0,7.3498,36,0,2.7693
736048,20150326,3,0,7.3498,37,0,2.7157
736048,20150326,3,0,7.3498,38,0,2.6936
736048,20150326,3,0,7.3498,39,0,2.6147
736048,20150326,3,0,7.3498,40,0,2.5915
736048,20150326,3,0,7.3498,41,0,2.5753
736048,20150326,3,0,7.3498,42,0,2.5376
736048,20150326,3,0,7.3498,43,0,2.5053
736048,20150326,3,0,7.3498,44,0,2.4774
736048,20150326,3,0,7.3498,45,0,2.4545
736048,20150326,3,0,7.3498,46,0,2.446
736048,20150326,3,0,7.3498,47,0,2.3776
736048,20150326,3,0,7.3498,48,0,2.3015
736048,20150326,3,0,7.3498,49,0,2.2761
736048,20150326,3,0,7.3498,50,0,2.2693
736048,20150326,3,0,7.3498,51,0,2.2648
736048,20150326,3,0,7.3498,52,0,2.2226
736048,20150326,3,0,7.3498,53,0,2.1786
736048,20150326,3,0,7.3498,54,0,2.141
736048,20150326,3,0,7.3498,55,0,2.1348
736048,20150326,3,0,7.3498,56,0,2.1038
736048,20150326,3,0,7.3498,57,0,2.1023
736048,20150326,3,0,7.3498,58,0,2.0693
736048,20150326,3,0,7.3498,59,0,2.0338
736048,20150326,3,0,7.3498,60,0,2.0271
736048,20150326,3,0,7.3498,61,0,1.9983
736048,20150326,3,0,7.3498,62,0,1.9729
736048,20150326,3,0,7.3498,63,0,1.9723
736048,20150326,3,0,7.3498,64,0,1.9518
736048,20150326,4,0,7.1793,5,0,6.7124
736048,20150326,4,0,7.1793,6,0,6.5835
736048,20150326,4,0,7.1793,7,0,6.4455
736048,20150326,4,0,7.1793,8,0,6.1662
736048,20150326,4,0,7.1793,9,0,5.9196
736048,20150326,4,0,7.1793,10,0,5.6382
736048,20150326,4,0,7.1793,11,0,5.3507
736048,20150326,4,0,7.1793,12,0,4.8504
736048,20150326,4,0,7.1793,13,0,4.5739
736048,20150326,4,0,7.1793,14,0,4.4812
736048,20150326,4,0,7.1793,15,0,4.4428
736048,20150326,4,0,7.1793,16,0,4.3865
736048,20150326,4,0,7.1793,17,0,4.3328
736048,20150326,4,0,7.1793,18,0,3.8138
736048,20150326,4,0,7.1793,19,0,3.5496
736048,20150326,4,0,7.1793,20,0,3.4693
736048,20150326,4,0,7.1793,21,0,3.4632
736048,20150326,4,0,7.1793,22,0,3.3423
736048,20150326,4,0,7.1793,23,0,3.2736
736048,20150326,4,0,7.1793,24,0,3.2601
736048,20150326,4,0,7.1793,25,0,3.2355
736048,20150326,4,0,7.1793,26,0,3.2179
736048,20150326,4,0,7.1793,27,0,3.1993
736048,20150326,4,0,7.1793,28,0,3.1427
736048,20150326,4,0,7.1793,29,0,3.0755
736048,20150326,4,0,7.1793,30,0,3.0517
736048,20150326,4,0,7.1793,31,0,3.0438
736048,20150326,4,0,7.1793,32,0,2.9955
736048,20150326,4,0,7.1793,33,0,2.9112
736048,20150326,4,0,7.1793,34,0,2.8597
736048,20150326,4,0,7.1793,35,0,2.7765
736048,20150326,4,0,7.1793,36,0,2.7693
736048,20150326,4,0,7.1793,37,0,2.7157
736048,20150326,4,0,7.1793,38,0,2.6936
736048,20150326,4,0,7.1793,39,0,2.6147
736048,20150326,4,0,7.1793,40,0,2.5915
736048,20150326,4,0,7.1793,41,0,2.5753
736048,20150326,4,0,7.1793,42,0,2.5376
736048,20150326,4,0,7.1793,43,0,2.5053
736048,20150326,4,0,7.1793,44,0,2.4774
736048,20150326,4,0,7.1793,45,0,2.4545
736048,20150326,4,0,7.1793,46,0,2.446
736048,20150326,4,0,7.1793,47,0,2.3776
736048,20150326,4,0,7.1793,48,0,2.3015
736048,20150326,4,0,7.1793,49,0,2.2761
736048,20150326,4,0,7.1793,50,0,2.2693
736048,20150326,4,0,7.1793,51,0,2.2648
736048,20150326,4,0,7.1793,52,0,2.2226
736048,20150326,4,0,7.1793,53,0,2.1786
736048,20150326,4,0,7.1793,54,0,2.141
736048,20150326,4,0,7.1793,55,0,2.1348
736048,20150326,4,0,7.1793,56,0,2.1038
736048,20150326,4,0,7.1793,57,0,2.1023
736048,20150326,4,0,7.1793,58,0,2.0693
736048,20150326,4,0,7.1793,59,0,2.0338
736048,20150326,4,0,7.1793,60,0,2.0271
736048,20150326,4,0,7.1793,61,0,1.9983
736048,20150326,4,0,7.1793,62,0,1.9729
736048,20150326,4,0,7.1793,63,0,1.9723
736048,20150326,4,0,7.1793,64,0,1.9518
736048,20150326,5,0,6.7124,6,0,6.5835
736048,20150326,5,0,6.7124,7,0,6.4455
736048,20150326,5,0,6.7124,8,0,6.1662
736048,20150326,5,0,6.7124,9,0,5.9196
736048,20150326,5,0,6.7124,10,0,5.6382
736048,20150326,5,0,6.7124,11,0,5.3507
736048,20150326,5,0,6.7124,12,0,4.8504
736048,20150326,5,0,6.7124,13,0,4.5739
736048,20150326,5,0,6.7124,14,0,4.4812
736048,20150326,5,0,6.7124,15,0,4.4428
736048,20150326,5,0,6.7124,16,0,4.3865
736048,20150326,5,0,6.7124,17,0,4.3328
736048,20150326,5,0,6.7124,18,0,3.8138
736048,20150326,5,0,6.7124,19,0,3.5496
736048,20150326,5,0,6.7124,20,0,3.4693
736048,20150326,5,0,6.7124,21,0,3.4632
736048,20150326,5,0,6.7124,22,0,3.3423
736048,20150326,5,0,6.7124,23,0,3.2736
736048,20150326,5,0,6.7124,24,0,3.2601
736048,20150326,5,0,6.7124,25,0,3.2355
736048,20150326,5,0,6.7124,26,0,3.2179
736048,20150326,5,0,6.7124,27,0,3.1993
736048,20150326,5,0,6.7124,28,0,3.1427
736048,20150326,5,0,6.7124,29,0,3.0755
736048,20150326,5,0,6.7124,30,0,3.0517
736048,20150326,5,0,6.7124,31,0,3.0438
736048,20150326,5,0,6.7124,32,0,2.9955
736048,20150326,5,0,6.7124,33,0,2.9112
736048,20150326,5,0,6.7124,34,0,2.8597
736048,20150326,5,0,6.7124,35,0,2.7765
736048,20150326,5,0,6.7124,36,0,2.7693
736048,20150326,5,0,6.7124,37,0,2.7157
736048,20150326,5,0,6.7124,38,0,2.6936
736048,20150326,5,0,6.7124,39,0,2.6147
736048,20150326,5,0,6.7124,40,0,2.5915
736048,20150326,5,0,6.7124,41,0,2.5753
736048,20150326,5,0,6.7124,42,0,2.5376
736048,20150326,5,0,6.7124,43,0,2.5053
736048,20150326,5,0,6.7124,44,0,2.4774
736048,20150326,5,0,6.7124,45,0,2.4545
736048,20150326,5,0,6.7124,46,0,2.446
736048,20150326,5,0,6.7124,47,0,2.3776
736048,20150326,5,0,6.7124,48,0,2.3015
736048,20150326,5,0,6.7124,49,0,2.2761
736048,20150326,5,0,6.7124,50,0,2.2693
736048,20150326,5,0,6.7124,51,0,2.2648
736048,20150326,5,0,6.7124,52,0,2.2226
736048,20150326,5,0,6.7124,53,0,2.1786
736048,20150326,5,0,6.7124,54,0,2.141
736048,20150326,5,0,6.7124,55,0,2.1348
736048,20150326,5,0,6.7124,56,0,2.1038
736048,20150326,5,0,6.7124,57,0,2.1023
736048,20150326,5,0,6.7124,58,0,2.0693
736048,20150326,5,0,6.7124,59,0,2.0338
736048,20150326,5,0,6.7124,60,0,2.0271
736048,20150326,5,0,6.7124,61,0,1.9983
736048,20150326,5,0,6.7124,62,0,1.9729
736048,20150326,5,0,6.7124,63,0,1.9723
736048,20150326,5,0,6.7124,64,0,1.9518
736048,20150326,6,0,6.5835,7,0,6.4455
736048,20150326,6,0,6.5835,8,0,6.1662
736048,20150326,6,0,6.5835,9,0,5.9196
736048,20150326,6,0,6.5835,10,0,5.6382
736048,20150326,6,0,6.5835,11,0,5.3507
736048,20150326,6,0,6.5835,12,0,4.8504
736048,20150326,6,0,6.5835,13,0,4.5739
736048,20150326,6,0,6.5835,14,0,4.4812
736048,20150326,6,0,6.5835,15,0,4.4428
736048,20150326,6,0,6.5835,16,0,4.3865
736048,20150326,6,0,6.5835,17,0,4.3328
736048,20150326,6,0,6.5835,18,0,3.8138
736048,20150326,6,0,6.5835,19,0,3.5496
736048,20150326,6,0,6.5835,20,0,3.4693
736048,20150326,6,0,6.5835,21,0,3.4632
736048,20150326,6,0,6.5835,22,0,3.3423
736048,20150326,6,0,6.5835,23,0,3.2736
736048,20150326,6,0,6.5835,24,0,3.2601
736048,20150326,6,0,6.5835,25,0,3.2355
736048,20150326,6,0,6.5835,26,0,3.2179
736048,20150326,6,0,6.5835,27,0,3.1993
736048,20150326,6,0,6.5835,28,0,3.1427
736048,20150326,6,0,6.5835,29,0,3.0755
736048,20150326,6,0,6.5835,30,0,3.0517
736048,20150326,6,0,6.5835,31,0,3.0438
736048,20150326,6,0,6.5835,32,0,2.9955
736048,20150326,6,0,6.5835,33,0,2.9112
736048,20150326,6,0,6.5835,34,0,2.8597
736048,20150326,6,0,6.5835,35,0,2.7765
736048,20150326,6,0,6.5835,36,0,2.7693
736048,20150326,6,0,6.5835,37,0,2.7157
736048,20150326,6,0,6.5835,38,0,2.6936
736048,20150326,6,0,6.5835,39,0,2.6147
736048,20150326,6,0,6.5835,40,0,2.5915
736048,20150326,6,0,6.5835,41,0,2.5753
736048,20150326,6,0,6.5835,42,0,2.5376
736048,20150326,6,0,6.5835,43,0,2.5053
736048,20150326,6,0,6.5835,44,0,2.4774
736048,20150326,6,0,6.5835,45,0,2.4545
736048,20150326,6,0,6.5835,46,0,2.446
736048,20150326,6,0,6.5835,47,0,2.3776
736048,20150326,6,0,6.5835,48,0,2.3015
736048,20150326,6,0,6.5835,49,0,2.2761
736048,20150326,6,0,6.5835,50,0,2.2693
736048,20150326,6,0,6.5835,51,0,2.2648
736048,20150326,6,0,6.5835,52,0,2.2226
736048,20150326,6,0,6.5835,53,0,2.1786
736048,20150326,6,0,6.5835,54,0,2.141
736048,20150326,6,0,6.5835,55,0,2.1348
736048,20150326,6,0,6.5835,56,0,2.1038
736048,20150326,6,0,6.5835,57,0,2.1023
736048,20150326,6,0,6.5835,58,0,2.0693
736048,20150326,6,0,6.5835,59,0,2.0338
736048,20150326,6,0,6.5835,60,0,2.0271
736048,20150326,6,0,6.5835,61,0,1.9983
736048,20150326,6,0,6.5835,62,0,1.9729
736048,20150326,6,0,6.5835,63,0,1.9723
736048,20150326,6,0,6.5835,64,0,1.9518
736048,20150326,7,0,6.4455,8,0,6.1662
736048,20150326,7,0,6.4455,9,0,5.9196
736048,20150326,7,0,6.4455,10,0,5.6382
736048,20150326,7,0,6.4455,11,0,5.3507
736048,20150326,7,0,6.4455,12,0,4.8504
736048,20150326,7,0,6.4455,13,0,4.5739
736048,20150326,7,0,6.4455,14,0,4.4812
736048,20150326,7,0,6.4455,15,0,4.4428
736048,20150326,7,0,6.4455,16,0,4.3865
736048,20150326,7,0,6.4455,17,0,4.3328
736048,20150326,7,0,6.4455,18,0,3.8138
736048,20150326,7,0,6.4455,19,0,3.5496
736048,20150326,7,0,6.4455,20,0,3.4693
736048,20150326,7,0,6.4455,21,0,3.4632
736048,20150326,7,0,6.4455,22,0,3.3423
736048,20150326,7,0,6.4455,23,0,3.2736
736048,20150326,7,0,6.4455,24,0,3.2601
736048,20150326,7,0,6.4455,25,0,3.2355
736048,20150326,7,0,6.4455,26,0,3.2179
736048,20150326,7,0,6.4455,27,0,3.1993
736048,20150326,7,0,6.4455,28,0,3.1427
736048,20150326,7,0,6.4455,29,0,3.0755
736048,20150326,7,0,6.4455,30,0,3.0517
736048,20150326,7,0,6.4455,31,0,3.0438
736048,20150326,7,0,6.4455,32,0,2.9955
736048,20150326,7,0,6.4455,33,0,2.9112
736048,20150326,7,0,6.4455,34,0,2.8597
736048,20150326,7,0,6.4455,35,0,2.7765
736048,20150326,7,0,6.4455,36,0,2.7693
736048,20150326,7,0,6.4455,37,0,2.7157
736048,20150326,7,0,6.4455,38,0,2.6936
736048,20150326,7,0,6.4455,39,0,2.6147
736048,20150326,7,0,6.4455,40,0,2.5915
736048,20150326,7,0,6.4455,41,0,2.5753
736048,20150326,7,0,6.4455,42,0,2.5376
736048,20150326,7,0,6.4455,43,0,2.5053
736048,20150326,7,0,6.4455,44,0,2.4774
736048,20150326,7,0,6.4455,45,0,2.4545
736048,20150326,7,0,6.4455,46,0,2.446
736048,20150326,7,0,6.4455,47,0,2.3776
736048,20150326,7,0,6.4455,48,0,2.3015
736048,20150326,7,0,6.4455,49,0,2.2761
736048,20150326,7,0,6.4455,50,0,2.2693
736048,20150326,7,0,6.4455,51,0,2.2648
736048,20150326,7,0,6.4455,52,0,2.2226
736048,20150326,7,0,6.4455,53,0,2.1786
736048,20150326,7,0,6.4455,54,0,2.141
736048,20150326,7,0,6.4455,55,0,2.1348
736048,20150326,7,0,6.4455,56,0,2.1038
736048,20150326,7,0,6.4455,57,0,2.1023
736048,20150326,7,0,6.4455,58,0,2.0693
736048,20150326,7,0,6.4455,59,0,2.0338
736048,20150326,7,0,6.4455,60,0,2.0271
736048,20150326,7,0,6.4455,61,0,1.9983
736048,20150326,7,0,6.4455,62,0,1.9729
736048,20150326,7,0,6.4455,63,0,1.9723
736048,20150326,7,0,6.4455,64,0,1.9518
736048,20150326,8,0,6.1662,9,0,5.9196
736048,20150326,8,0,6.1662,10,0,5.6382
736048,20150326,8,0,6.1662,11,0,5.3507
736048,20150326,8,0,6.1662,12,0,4.8504
736048,20150326,8,0,6.1662,13,0,4.5739
736048,20150326,8,0,6.1662,14,0,4.4812
736048,20150326,8,0,6.1662,15,0,4.4428
736048,20150326,8,0,6.1662,16,0,4.3865
736048,20150326,8,0,6.1662,17,0,4.3328
736048,20150326,8,0,6.1662,18,0,3.8138
736048,20150326,8,0,6.1662,19,0,3.5496
736048,20150326,8,0,6.1662,20,0,3.4693
736048,20150326,8,0,6.1662,21,0,3.4632
736048,20150326,8,0,6.1662,22,0,3.3423
736048,20150326,8,0,6.1662,23,0,3.2736
736048,20150326,8,0,6.1662,24,0,3.2601
736048,20150326,8,0,6.1662,25,0,3.2355
736048,20150326,8,0,6.1662,26,0,3.2179
736048,20150326,8,0,6.1662,27,0,3.1993
736048,20150326,8,0,6.1662,28,0,3.1427
736048,20150326,8,0,6.1662,29,0,3.0755
736048,20150326,8,0,6.1662,30,0,3.0517
736048,20150326,8,0,6.1662,31,0,3.0438
736048,20150326,8,0,6.1662,32,0,2.9955
736048,20150326,8,0,6.1662,33,0,2.9112
736048,20150326,8,0,6.1662,34,0,2.8597
736048,20150326,8,0,6.1662,35,0,2.7765
736048,20150326,8,0,6.1662,36,0,2.7693
736048,20150326,8,0,6.1662,37,0,2.7157
736048,20150326,8,0,6.1662,38,0,2.6936
736048,20150326,8,0,6.1662,39,0,2.6147
736048,20150326,8,0,6.1662,40,0,2.5915
736048,20150326,8,0,6.1662,41,0,2.5753
736048,20150326,8,0,6.1662,42,0,2.5376
736048,20150326,8,0,6.1662,43,0,2.5053
736048,20150326,8,0,6.1662,44,0,2.4774
736048,20150326,8,0,6.1662,45,0,2.4545
736048,20150326,8,0,6.1662,46,0,2.446
736048,20150326,8,0,6.1662,47,0,2.3776
736048,20150326,8,0,6.1662,48,0,2.3015
736048,20150326,8,0,6.1662,49,0,2.2761
736048,20150326,8,0,6.1662,50,0,2.2693
736048,20150326,8,0,6.1662,51,0,2.2648
736048,20150326,8,0,6.1662,52,0,2.2226
736048,20150326,8,0,6.1662,53,0,2.1786
736048,20150326,8,0,6.1662,54,0,2.141
736048,20150326,8,0,6.1662,55,0,2.1348
736048,20150326,8,0,6.1662,56,0,2.1038
736048,20150326,8,0,6.1662,57,0,2.1023
736048,20150326,8,0,6.1662,58,0,2.0693
736048,20150326,8,0,6.1662,59,0,2.0338
736048,20150326,8,0,6.1662,60,0,2.0271
736048,20150326,8,0,6.1662,61,0,1.9983
736048,20150326,8,0,6.1662,62,0,1.9729
736048,20150326,8,0,6.1662,63,0,1.9723
736048,20150326,8,0,6.1662,64,0,1.9518
736048,20150326,9,0,5.9196,10,0,5.6382
736048,20150326,9,0,5.9196,11,0,5.3507
736048,20150326,9,0,5.9196,12,0,4.8504
736048,20150326,9,0,5.9196,13,0,4.5739
736048,20150326,9,0,5.9196,14,0,4.4812
736048,20150326,9,0,5.9196,15,0,4.4428
736048,20150326,9,0,5.9196,16,0,4.3865
736048,20150326,9,0,5.9196,17,0,4.3328
736048,20150326,9,0,5.9196,18,0,3.8138
736048,20150326,9,0,5.9196,19,0,3.5496
736048,20150326,9,0,5.9196,20,0,3.4693
736048,20150326,9,0,5.9196,21,0,3.4632
736048,20150326,9,0,5.9196,22,0,3.3423
736048,20150326,9,0,5.9196,23,0,3.2736
736048,20150326,9,0,5.9196,24,0,3.2601
736048,20150326,9,0,5.9196,25,0,3.2355
736048,20150326,9,0,5.9196,26,0,3.2179
736048,20150326,9,0,5.9196,27,0,3.1993
736048,20150326,9,0,5.9196,28,0,3.1427
736048,20150326,9,0,5.9196,29,0,3.0755
736048,20150326,9,0,5.9196,30,0,3.0517
736048,20150326,9,0,5.9196,31,0,3.0438
736048,20150326,9,0,5.9196,32,0,2.9955
736048,20150326,9,0,5.9196,33,0,2.9112
736048,20150326,9,0,5.9196,34,0,2.8597
736048,20150326,9,0,5.9196,35,0,2.7765
736048,20150326,9,0,5.9196,36,0,2.7693
736048,20150326,9,0,5.9196,37,0,2.7157
736048,20150326,9,0,5.9196,38,0,2.6936
736048,20150326,9,0,5.9196,39,0,2.6147
736048,20150326,9,0,5.9196,40,0,2.5915
736048,20150326,9,0,5.9196,41,0,2.5753
736048,20150326,9,0,5.9196,42,0,2.5376
736048,20150326,9,0,5.9196,43,0,2.5053
736048,20150326,9,0,5.9196,44,0,2.4774
736048,20150326,9,0,5.9196,45,0,2.4545
736048,20150326,9,0,5.9196,46,0,2.446
736048,20150326,9,0,5.9196,47,0,2.3776
736048,20150326,9,0,5.9196,48,0,2.3015
736048,20150326,9,0,5.9196,49,0,2.2761
736048,20150326,9,0,5.9196,50,0,2.2693
736048,20150326,9,0,5.9196,51,0,2.2648
736048,20150326,9,0,5.9196,52,0,2.2226
736048,20150326,9,0,5.9196,53,0,2.1786
736048,20150326,9,0,5.9196,54,0,2.141
736048,20150326,9,0,5.9196,55,0,2.1348
736048,20150326,9,0,5.9196,56,0,2.1038
736048,20150326,9,0,5.9196,57,0,2.1023
736048,20150326,9,0,5.9196,58,0,2.0693
736048,20150326,9,0,5.9196,59,0,2.0338
736048,20150326,9,0,5.9196,60,0,2.0271
736048,20150326,9,0,5.9196,61,0,1.9983
736048,20150326,9,0,5.9196,62,0,1.9729
736048,20150326,9,0,5.9196,63,0,1.9723
736048,20150326,9,0,5.9196,64,0,1.9518
736048,20150326,10,0,5.6382,11,0,5.3507
736048,20150326,10,0,5.6382,12,0,4.8504
736048,20150326,10,0,5.6382,13,0,4.5739
736048,20150326,10,0,5.6382,14,0,4.4812
736048,20150326,10,0,5.6382,15,0,4.4428
736048,20150326,10,0,5.6382,16,0,4.3865
736048,20150326,10,0,5.6382,17,0,4.3328
736048,20150326,10,0,5.6382,18,0,3.8138
736048,20150326,10,0,5.6382,19,0,3.5496
736048,20150326,10,0,5.6382,20,0,3.4693
736048,20150326,10,0,5.6382,21,0,3.4632
736048,20150326,10,0,5.6382,22,0,3.3423
736048,20150326,10,0,5.6382,23,0,3.2736
736048,20150326,10,0,5.6382,24,0,3.2601
736048,20150326,10,0,5.6382,25,0,3.2355
736048,20150326,10,0,5.6382,26,0,3.2179
736048,20150326,10,0,5.6382,27,0,3.1993
736048,20150326,10,0,5.6382,28,0,3.1427
736048,20150326,10,0,5.6382,29,0,3.0755
736048,20150326,10,0,5.6382,30,0,3.0517
736048,20150326,10,0,5.6382,31,0,3.0438
736048,20150326,10,0,5.6382,32,0,2.9955
736048,20150326,10,0,5.6382,33,0,2.9112
736048,20150326,10,0,5.6382,34,0,2.8597
736048,20150326,10,0,5.6382,35,0,2.7765
736048,20150326,10,0,5.6382,36,0,2.7693
736048,20150326,10,0,5.6382,37,0,2.7157
736048,20150326,10,0,5.6382,38,0,2.6936
736048,20150326,10,0,5.6382,39,0,2.6147
736048,20150326,10,0,5.6382,40,0,2.5915
736048,20150326,10,0,5.6382,41,0,2.5753
736048,20150326,10,0,5.6382,42,0,2.5376
736048,20150326,10,0,5.6382,43,0,2.5053
736048,20150326,10,0,5.6382,44,0,2.4774
736048,20150326,10,0,5.6382,45,0,2.4545
736048,20150326,10,0,5.6382,46,0,2.446
736048,20150326,10,0,5.6382,47,0,2.3776
736048,20150326,10,0,5.6382,48,0,2.3015
736048,20150326,10,0,5.6382,49,0,2.2761
736048,20150326,10,0,5.6382,50,0,2.2693
736048,20150326,10,0,5.6382,51,0,2.2648
736048,20150326,10,0,5.6382,52,0,2.2226
736048,20150326,10,0,5.6382,53,0,2.1786
736048,20150326,10,0,5.6382,54,0,2.141
736048,20150326,10,0,5.6382,55,0,2.1348
736048,20150326,10,0,5.6382,56,0,2.1038
736048,20150326,10,0,5.6382,57,0,2.1023
736048,20150326,10,0,5.6382,58,0,2.0693
736048,20150326,10,0,5.6382,59,0,2.0338
736048,20150326,10,0,5.6382,60,0,2.0271
736048,20150326,10,0,5.6382,61,0,1.9983
736048,20150326,10,0,5.6382,62,0,1.9729
736048,20150326,10,0,5.6382,63,0,1.9723
736048,20150326,10,0,5.6382,64,0,1.9518
736048,20150326,11,0,5.3507,12,0,4.8504
736048,20150326,11,0,5.3507,13,0,4.5739
736048,20150326,11,0,5.3507,14,0,4.4812
736048,20150326,11,0,5.3507,15,0,4.4428
736048,20150326,11,0,5.3507,16,0,4.3865
736048,20150326,11,0,5.3507,17,0,4.3328
736048,20150326,11,0,5.3507,18,0,3.8138
736048,20150326,11,0,5.3507,19,0,3.5496
736048,20150326,11,0,5.3507,20,0,3.4693
736048,20150326,11,0,5.3507,21,0,3.4632
736048,20150326,11,0,5.3507,22,0,3.3423
736048,20150326,11,0,5.3507,23,0,3.2736
736048,20150326,11,0,5.3507,24,0,3.2601
736048,20150326,11,0,5.3507,25,0,3.2355
736048,20150326,11,0,5.3507,26,0,3.2179
736048,20150326,11,0,5.3507,27,0,3.1993
736048,20150326,11,0,5.3507,28,0,3.1427
736048,20150326,11,0,5.3507,29,0,3.0755
736048,20150326,11,0,5.3507,30,0,3.0517
736048,20150326,11,0,5.3507,31,0,3.0438
736048,20150326,11,0,5.3507,32,0,2.9955
736048,20150326,11,0,5.3507,33,0,2.9112
736048,20150326,11,0,5.3507,34,0,2.8597
736048,20150326,11,0,5.3507,35,0,2.7765
736048,20150326,11,0,5.3507,36,0,2.7693
736048,20150326,11,0,5.3507,37,0,2.7157
736048,20150326,11,0,5.3507,38,0,2.6936
736048,20150326,11,0,5.3507,39,0,2.6147
736048,20150326,11,0,5.3507,40,0,2.5915
736048,20150326,11,0,5.3507,41,0,2.5753
736048,20150326,11,0,5.3507,42,0,2.5376
736048,20150326,11,0,5.3507,43,0,2.5053
736048,20150326,11,0,5.3507,44,0,2.4774
736048,20150326,11,0,5.3507,45,0,2.4545
736048,20150326,11,0,5.3507,46,0,2.446
736048,20150326,11,0,5.3507,47,0,2.3776
736048,20150326,11,0,5.3507,48,0,2.3015
736048,20150326,11,0,5.3507,49,0,2.2761
736048,20150326,11,0,5.3507,50,0,2.2693
736048,20150326,11,0,5.3507,51,0,2.2648
736048,20150326,11,0,5.3507,52,0,2.2226
736048,20150326,11,0,5.3507,53,0,2.1786
736048,20150326,11,0,5.3507,54,0,2.141
736048,20150326,11,0,5.3507,55,0,2.1348
736048,20150326,11,0,5.3507,56,0,2.1038
736048,20150326,11,0,5.3507,57,0,2.1023
736048,20150326,11,0,5.3507,58,0,2.0693
736048,20150326,11,0,5.3507,59,0,2.0338
736048,20150326,11,0,5.3507,60,0,2.0271
736048,20150326,11,0,5.3507,61,0,1.9983
736048,20150326,11,0,5.3507,62,0,1.9729
736048,20150326,11,0,5.3507,63,0,1.9723
736048,20150326,11,0,5.3507,64,0,1.9518
736048,20150326,12,0,4.8504,13,0,4.5739
736048,20150326,12,0,4.8504,14,0,4.4812
736048,20150326,12,0,4.8504,15,0,4.4428
736048,20150326,12,0,4.8504,16,0,4.3865
736048,20150326,12,0,4.8504,17,0,4.3328
736048,20150326,12,0,4.8504,18,0,3.8138
736048,20150326,12,0,4.8504,19,0,3.5496
736048,20150326,12,0,4.8504,20,0,3.4693
736048,20150326,12,0,4.8504,21,0,3.4632
736048,20150326,12,0,4.8504,22,0,3.3423
736048,20150326,12,0,4.8504,23,0,3.2736
736048,20150326,12,0,4.8504,24,0,3.2601
736048,20150326,12,0,4.8504,25,0,3.2355
736048,20150326,12,0,4.8504,26,0,3.2179
736048,20150326,12,0,4.8504,27,0,3.1993
736048,20150326,12,0,4.8504,28,0,3.1427
736048,20150326,12,0,4.8504,29,0,3.0755
736048,20150326,12,0,4.8504,30,0,3.0517
736048,20150326,12,0,4.8504,31,0,3.0438
736048,20150326,12,0,4.8504,32,0,2.9955
736048,20150326,12,0,4.8504,33,0,2.9112
736048,20150326,12,0,4.8504,34,0,2.8597
736048,20150326,12,0,4.8504,35,0,2.7765
736048,20150326,12,0,4.8504,36,0,2.7693
736048,20150326,12,0,4.8504,37,0,2.7157
736048,20150326,12,0,4.8504,38,0,2.6936
736048,20150326,12,0,4.8504,39,0,2.6147
736048,20150326,12,0,4.8504,40,0,2.5915
736048,20150326,12,0,4.8504,41,0,2.5753
736048,20150326,12,0,4.8504,42,0,2.5376
736048,20150326,12,0,4.8504,43,0,2.5053
736048,20150326,12,0,4.8504,44,0,2.4774
736048,20150326,12,0,4.8504,45,0,2.4545
736048,20150326,12,0,4.8504,46,0,2.446
736048,20150326,12,0,4.8504,47,0,2.3776
736048,20150326,12,0,4.8504,48,0,2.3015
736048,20150326,12,0,4.8504,49,0,2.2761
736048,20150326,12,0,4.8504,50,0,2.2693
736048,20150326,12,0,4.8504,51,0,2.2648
736048,20150326,12,0,4.8504,52,0,2.2226
736048,20150326,12,0,4.8504,53,0,2.1786
736048,20150326,12,0,4.8504,54,0,2.141
736048,20150326,12,0,4.8504,55,0,2.1348
736048,20150326,12,0,4.8504,56,0,2.1038
736048,20150326,12,0,4.8504,57,0,2.1023
736048,20150326,12,0,4.8504,58,0,2.0693
736048,20150326,12,0,4.8504,59,0,2.0338
736048,20150326,12,0,4.8504,60,0,2.0271
736048,20150326,12,0,4.8504,61,0,1.9983
736048,20150326,12,0,4.8504,62,0,1.9729
736048,20150326,12,0,4.8504,63,0,1.9723
736048,20150326,12,0,4.8504,64,0,1.9518
736048,20150326,13,0,4.57,14,0,4.4812
736048,20150326,13,0,4.57,15,0,4.4428
736048,20150326,13,0,4.57,16,0,4.3865
736048,20150326,13,0,4.57,17,0,4.3328
736048,20150326,13,0,4.57,18,0,3.8138
736048,20150326,13,0,4.57,19,0,3.5496
736048,20150326,13,0,4.57,20,0,3.4693
736048,20150326,13,0,4.57,21,0,3.4632
736048,20150326,13,0,4.57,22,0,3.3423
736048,20150326,13,0,4.57,23,0,3.2736
736048,20150326,13,0,4.57,24,0,3.2601
736048,20150326,13,0,4.57,25,0,3.2355
736048,20150326,13,0,4.57,26,0,3.2179
736048,20150326,13,0,4.57,27,0,3.1993
736048,20150326,13,0,4.57,28,0,3.1427
736048,20150326,13,0,4.57,29,0,3.0755
736048,20150326,13,0,4.57,30,0,3.0517
736048,20150326,13,0,4.57,31,0,3.0438
736048,20150326,13,0,4.57,32,0,2.9955
736048,20150326,13,0,4.57,33,0,2.9112
736048,20150326,13,0,4.57,34,0,2.8597
736048,20150326,13,0,4.57,35,0,2.7765
736048,20150326,13,0,4.57,36,0,2.7693
736048,20150326,13,0,4.57,37,0,2.7157
736048,20150326,13,0,4.57,38,0,2.6936
736048,20150326,13,0,4.57,39,0,2.6147
736048,20150326,13,0,4.57,40,0,2.5915
736048,20150326,13,0,4.57,41,0,2.5753
736048,20150326,13,0,4.57,42,0,2.5376
736048,20150326,13,0,4.57,43,0,2.5053
736048,20150326,13,0,4.57,44,0,2.4774
736048,20150326,13,0,4.57,45,0,2.4545
736048,20150326,13,0,4.57,46,0,2.446
736048,20150326,13,0,4.57,47,0,2.3776
736048,20150326,13,0,4.57,48,0,2.3015
736048,20150326,13,0,4.57,49,0,2.2761
736048,20150326,13,0,4.57,50,0,2.2693
736048,20150326,13,0,4.57,51,0,2.2648
736048,20150326,13,0,4.57,52,0,2.2226
736048,20150326,13,0,4.57,53,0,2.1786
736048,20150326,13,0,4.57,54,0,2.141
736048,20150326,13,0,4.57,55,0,2.1348
736048,20150326,13,0,4.57,56,0,2.1038
736048,20150326,13,0,4.57,57,0,2.1023
736048,20150326,13,0,4.57,58,0,2.0693
736048,20150326,13,0,4.57,59,0,2.0338
736048,20150326,13,0,4.57,60,0,2.0271
736048,20150326,13,0,4.57,61,0,1.9983
736048,20150326,13,0,4.57,62,0,1.9729
736048,20150326,13,0,4.57,63,0,1.9723
736048,20150326,13,0,4.57,64,0,1.9518
736048,20150326,14,0,4.4812,15,0,4.4428
736048,20150326,14,0,4.4812,16,0,4.3865
736048,20150326,14,0,4.4812,17,0,4.3328
736048,20150326,14,0,4.4812,18,0,3.8138
736048,20150326,14,0,4.4812,19,0,3.5496
736048,20150326,14,0,4.4812,20,0,3.4693
736048,20150326,14,0,4.4812,21,0,3.4632
736048,20150326,14,0,4.4812,22,0,3.3423
736048,20150326,14,0,4.4812,23,0,3.2736
736048,20150326,14,0,4.4812,24,0,3.2601
736048,20150326,14,0,4.4812,25,0,3.2355
736048,20150326,14,0,4.4812,26,0,3.2179
736048,20150326,14,0,4.4812,27,0,3.1993
736048,20150326,14,0,4.4812,28,0,3.1427
736048,20150326,14,0,4.4812,29,0,3.0755
736048,20150326,14,0,4.4812,30,0,3.0517
736048,20150326,14,0,4.4812,31,0,3.0438
736048,20150326,14,0,4.4812,32,0,2.9955
736048,20150326,14,0,4.4812,33,0,2.9112
736048,20150326,14,0,4.4812,34,0,2.8597
736048,20150326,14,0,4.4812,35,0,2.7765
736048,20150326,14,0,4.4812,36,0,2.7693
736048,20150326,14,0,4.4812,37,0,2.7157
736048,20150326,14,0,4.4812,38,0,2.6936
736048,20150326,14,0,4.4812,39,0,2.6147
736048,20150326,14,0,4.4812,40,0,2.5915
736048,20150326,14,0,4.4812,41,0,2.5753
736048,20150326,14,0,4.4812,42,0,2.5376
736048,20150326,14,0,4.4812,43,0,2.5053
736048,20150326,14,0,4.4812,44,0,2.4774
736048,20150326,14,0,4.4812,45,0,2.4545
736048,20150326,14,0,4.4812,46,0,2.446
736048,20150326,14,0,4.4812,47,0,2.3776
736048,20150326,14,0,4.4812,48,0,2.3015
736048,20150326,14,0,4.4812,49,0,2.2761
736048,20150326,14,0,4.4812,50,0,2.2693
736048,20150326,14,0,4.4812,51,0,2.2648
736048,20150326,14,0,4.4812,52,0,2.2226
736048,20150326,14,0,4.4812,53,0,2.1786
736048,20150326,14,0,4.4812,54,0,2.141
736048,20150326,14,0,4.4812,55,0,2.1348
736048,20150326,14,0,4.4812,56,0,2.1038
736048,20150326,14,0,4.4812,57,0,2.1023
736048,20150326,14,0,4.4812,58,0,2.0693
736048,20150326,14,0,4.4812,59,0,2.0338
736048,20150326,14,0,4.4812,60,0,2.0271
736048,20150326,14,0,4.4812,61,0,1.9983
736048,20150326,14,0,4.4812,62,0,1.9729
736048,20150326,14,0,4.4812,63,0,1.9723
736048,20150326,14,0,4.4812,64,0,1.9518
736048,20150326,15,0,4.4428,16,0,4.3865
736048,20150326,15,0,4.4428,17,0,4.3328
736048,20150326,15,0,4.4428,18,0,3.8138
736048,20150326,15,0,4.4428,19,0,3.5496
736048,20150326,15,0,4.4428,20,0,3.4693
736048,20150326,15,0,4.4428,21,0,3.4632
736048,20150326,15,0,4.4428,22,0,3.3423
736048,20150326,15,0,4.4428,23,0,3.2736
736048,20150326,15,0,4.4428,24,0,3.2601
736048,20150326,15,0,4.4428,25,0,3.2355
736048,20150326,15,0,4.4428,26,0,3.2179
736048,20150326,15,0,4.4428,27,0,3.1993
736048,20150326,15,0,4.4428,28,0,3.1427
736048,20150326,15,0,4.4428,29,0,3.0755
736048,20150326,15,0,4.4428,30,0,3.0517
736048,20150326,15,0,4.4428,31,0,3.0438
736048,20150326,15,0,4.4428,32,0,2.9955
736048,20150326,15,0,4.4428,33,0,2.9112
736048,20150326,15,0,4.4428,34,0,2.8597
736048,20150326,15,0,4.4428,35,0,2.7765
736048,20150326,15,0,4.4428,36,0,2.7693
736048,20150326,15,0,4.4428,37,0,2.7157
736048,20150326,15,0,4.4428,38,0,2.6936
736048,20150326,15,0,4.4428,39,0,2.6147
736048,20150326,15,0,4.4428,40,0,2.5915
736048,20150326,15,0,4.4428,41,0,2.5753
736048,20150326,15,0,4.4428,42,0,2.5376
736048,20150326,15,0,4.4428,43,0,2.5053
736048,20150326,15,0,4.4428,44,0,2.4774
736048,20150326,15,0,4.4428,45,0,2.4545
736048,20150326,15,0,4.4428,46,0,2.446
736048,20150326,15,0,4.4428,47,0,2.3776
736048,20150326,15,0,4.4428,48,0,2.3015
736048,20150326,15,0,4.4428,49,0,2.2761
736048,20150326,15,0,4.4428,50,0,2.2693
736048,20150326,15,0,4.4428,51,0,2.2648
736048,20150326,15,0,4.4428,52,0,2.2226
736048,20150326,15,0,4.4428,53,0,2.1786
736048,20150326,15,0,4.4428,54,0,2.141
736048,20150326,15,0,4.4428,55,0,2.1348
736048,20150326,15,0,4.4428,56,0,2.1038
736048,20150326,15,0,4.4428,57,0,2.1023
736048,20150326,15,0,4.4428,58,0,2.0693
736048,20150326,15,0,4.4428,59,0,2.0338
736048,20150326,15,0,4.4428,60,0,2.0271
736048,20150326,15,0,4.4428,61,0,1.9983
736048,20150326,15,0,4.4428,62,0,1.9729
736048,20150326,15,0,4.4428,63,0,1.9723
736048,20150326,15,0,4.4428,64,0,1.9518
736048,20150326,16,0,4.3865,17,0,4.3328
736048,20150326,16,0,4.3865,18,0,3.8138
736048,20150326,16,0,4.3865,19,0,3.5496
736048,20150326,16,0,4.3865,20,0,3.4693
736048,20150326,16,0,4.3865,21,0,3.4632
736048,20150326,16,0,4.3865,22,0,3.3423
736048,20150326,16,0,4.3865,23,0,3.2736
736048,20150326,16,0,4.3865,24,0,3.2601
736048,20150326,16,0,4.3865,25,0,3.2355
736048,20150326,16,0,4.3865,26,0,3.2179
736048,20150326,16,0,4.3865,27,0,3.1993
736048,20150326,16,0,4.3865,28,0,3.1427
736048,20150326,16,0,4.3865,29,0,3.0755
736048,20150326,16,0,4.3865,30,0,3.0517
736048,20150326,16,0,4.3865,31,0,3.0438
736048,20150326,16,0,4.3865,32,0,2.9955
736048,20150326,16,0,4.3865,33,0,2.9112
736048,20150326,16,0,4.3865,34,0,2.8597
736048,20150326,16,0,4.3865,35,0,2.7765
736048,20150326,16,0,4.3865,36,0,2.7693
736048,20150326,16,0,4.3865,37,0,2.7157
736048,20150326,16,0,4.3865,38,0,2.6936
736048,20150326,16,0,4.3865,39,0,2.6147
736048,20150326,16,0,4.3865,40,0,2.5915
736048,20150326,16,0,4.3865,41,0,2.5753
736048,20150326,16,0,4.3865,42,0,2.5376
736048,20150326,16,0,4.3865,43,0,2.5053
736048,20150326,16,0,4.3865,44,0,2.4774
736048,20150326,16,0,4.3865,45,0,2.4545
736048,20150326,16,0,4.3865,46,0,2.446
736048,20150326,16,0,4.3865,47,0,2.3776
736048,20150326,16,0,4.3865,48,0,2.3015
736048,20150326,16,0,4.3865,49,0,2.2761
736048,20150326,16,0,4.3865,50,0,2.2693
736048,20150326,16,0,4.3865,51,0,2.2648
736048,20150326,16,0,4.3865,52,0,2.2226
736048,20150326,16,0,4.3865,53,0,2.1786
736048,20150326,16,0,4.3865,54,0,2.141
736048,20150326,16,0,4.3865,55,0,2.1348
736048,20150326,16,0,4.3865,56,0,2.1038
736048,20150326,16,0,4.3865,57,0,2.1023
736048,20150326,16,0,4.3865,58,0,2.0693
736048,20150326,16,0,4.3865,59,0,2.0338
736048,20150326,16,0,4.3865,60,0,2.0271
736048,20150326,16,0,4.3865,61,0,1.9983
736048,20150326,16,0,4.3865,62,0,1.9729
736048,20150326,16,0,4.3865,63,0,1.9723
736048,20150326,16,0,4.3865,64,0,1.9518
736048,20150326,17,0,4.3328,18,0,3.8138
736048,20150326,17,0,4.3328,19,0,3.5496
736048,20150326,17,0,4.3328,20,0,3.4693
736048,20150326,17,0,4.3328,21,0,3.4632
736048,20150326,17,0,4.3328,22,0,3.3423
736048,20150326,17,0,4.3328,23,0,3.2736
736048,20150326,17,0,4.3328,24,0,3.2601
736048,20150326,17,0,4.3328,25,0,3.2355
736048,20150326,17,0,4.3328,26,0,3.2179
736048,20150326,17,0,4.3328,27,0,3.1993
736048,20150326,17,0,4.3328,28,0,3.1427
736048,20150326,17,0,4.3328,29,0,3.0755
736048,20150326,17,0,4.3328,30,0,3.0517
736048,20150326,17,0,4.3328,31,0,3.0438
736048,20150326,17,0,4.3328,32,0,2.9955
736048,20150326,17,0,4.3328,33,0,2.9112
736048,20150326,17,0,4.3328,34,0,2.8597
736048,20150326,17,0,4.3328,35,0,2.7765
736048,20150326,17,0,4.3328,36,0,2.7693
736048,20150326,17,0,4.3328,37,0,2.7157
736048,20150326,17,0,4.3328,38,0,2.6936
736048,20150326,17,0,4.3328,39,0,2.6147
736048,20150326,17,0,4.3328,40,0,2.5915
736048,20150326,17,0,4.3328,41,0,2.5753
736048,20150326,17,0,4.3328,42,0,2.5376
736048,20150326,17,0,4.3328,43,0,2.5053
736048,20150326,17,0,4.3328,44,0,2.4774
736048,20150326,17,0,4.3328,45,0,2.4545
736048,20150326,17,0,4.3328,46,0,2.446
736048,20150326,17,0,4.3328,47,0,2.3776
736048,20150326,17,0,4.3328,48,0,2.3015
736048,20150326,17,0,4.3328,49,0,2.2761
736048,20150326,17,0,4.3328,50,0,2.2693
736048,20150326,17,0,4.3328,51,0,2.2648
736048,20150326,17,0,4.3328,52,0,2.2226
736048,20150326,17,0,4.3328,53,0,2.1786
736048,20150326,17,0,4.3328,54,0,2.141
736048,20150326,17,0,4.3328,55,0,2.1348
736048,20150326,17,0,4.3328,56,0,2.1038
736048,20150326,17,0,4.3328,57,0,2.1023
736048,20150326,17,0,4.3328,58,0,2.0693
736048,20150326,17,0,4.3328,59,0,2.0338
736048,20150326,17,0,4.3328,60,0,2.0271
736048,20150326,17,0,4.3328,61,0,1.9983
736048,20150326,17,0,4.3328,62,0,1.9729
736048,20150326,17,0,4.3328,63,0,1.9723
736048,20150326,17,0,4.3328,64,0,1.9518
736048,20150326,18,0,3.8138,19,0,3.5496
736048,20150326,18,0,3.8138,20,0,3.4693
736048,20150326,18,0,3.8138,21,0,3.4632
736048,20150326,18,0,3.8138,22,0,3.3423
736048,20150326,18,0,3.8138,23,0,3.2736
736048,20150326,18,0,3.8138,24,0,3.2601
736048,20150326,18,0,3.8138,25,0,3.2355
736048,20150326,18,0,3.8138,26,0,3.2179
736048,20150326,18,0,3.8138,27,0,3.1993
736048,20150326,18,0,3.8138,28,0,3.1427
736048,20150326,18,0,3.8138,29,0,3.0755
736048,20150326,18,0,3.8138,30,0,3.0517
736048,20150326,18,0,3.8138,31,0,3.0438
736048,20150326,18,0,3.8138,32,0,2.9955
736048,20150326,18,0,3.8138,33,0,2.9112
736048,20150326,18,0,3.8138,34,0,2.8597
736048,20150326,18,0,3.8138,35,0,2.7765
736048,20150326,18,0,3.8138,36,0,2.7693
736048,20150326,18,0,3.8138,37,0,2.7157
736048,20150326,18,0,3.8138,38,0,2.6936
736048,20150326,18,0,3.8138,39,0,2.6147
736048,20150326,18,0,3.8138,40,0,2.5915
736048,20150326,18,0,3.8138,41,0,2.5753
736048,20150326,18,0,3.8138,42,0,2.5376
736048,20150326,18,0,3.8138,43,0,2.5053
736048,20150326,18,0,3.8138,44,0,2.4774
736048,20150326,18,0,3.8138,45,0,2.4545
736048,20150326,18,0,3.8138,46,0,2.446
736048,20150326,18,0,3.8138,47,0,2.3776
736048,20150326,18,0,3.8138,48,0,2.3015
736048,20150326,18,0,3.8138,49,0,2.2761
736048,20150326,18,0,3.8138,50,0,2.2693
736048,20150326,18,0,3.8138,51,0,2.2648
736048,20150326,18,0,3.8138,52,0,2.2226
736048,20150326,18,0,3.8138,53,0,2.1786
736048,20150326,18,0,3.8138,54,0,2.141
736048,20150326,18,0,3.8138,55,0,2.1348
736048,20150326,18,0,3.8138,56,0,2.1038
736048,20150326,18,0,3.8138,57,0,2.1023
736048,20150326,18,0,3.8138,58,0,2.0693
736048,20150326,18,0,3.8138,59,0,2.0338
736048,20150326,18,0,3.8138,60,0,2.0271
736048,20150326,18,0,3.8138,61,0,1.9983
736048,20150326,18,0,3.8138,62,0,1.9729
736048,20150326,18,0,3.8138,63,0,1.9723
736048,20150326,18,0,3.8138,64,0,1.9518
736048,20150326,19,0,3.5496,20,0,3.4693
736048,20150326,19,0,3.5496,21,0,3.4632
736048,20150326,19,0,3.5496,22,0,3.3423
736048,20150326,19,0,3.5496,23,0,3.2736
736048,20150326,19,0,3.5496,24,0,3.2601
736048,20150326,19,0,3.5496,25,0,3.2355
736048,20150326,19,0,3.5496,26,0,3.2179
736048,20150326,19,0,3.5496,27,0,3.1993
736048,20150326,19,0,3.5496,28,0,3.1427
736048,20150326,19,0,3.5496,29,0,3.0755
736048,20150326,19,0,3.5496,30,0,3.0517
736048,20150326,19,0,3.5496,31,0,3.0438
736048,20150326,19,0,3.5496,32,0,2.9955
736048,20150326,19,0,3.5496,33,0,2.9112
736048,20150326,19,0,3.5496,34,0,2.8597
736048,20150326,19,0,3.5496,35,0,2.7765
736048,20150326,19,0,3.5496,36,0,2.7693
736048,20150326,19,0,3.5496,37,0,2.7157
736048,20150326,19,0,3.5496,38,0,2.6936
736048,20150326,19,0,3.5496,39,0,2.6147
736048,20150326,19,0,3.5496,40,0,2.5915
736048,20150326,19,0,3.5496,41,0,2.5753
736048,20150326,19,0,3.5496,42,0,2.5376
736048,20150326,19,0,3.5496,43,0,2.5053
736048,20150326,19,0,3.5496,44,0,2.4774
736048,20150326,19,0,3.5496,45,0,2.4545
736048,20150326,19,0,3.5496,46,0,2.446
736048,20150326,19,0,3.5496,47,0,2.3776
736048,20150326,19,0,3.5496,48,0,2.3015
736048,20150326,19,0,3.5496,49,0,2.2761
736048,20150326,19,0,3.5496,50,0,2.2693
736048,20150326,19,0,3.5496,51,0,2.2648
736048,20150326,19,0,3.5496,52,0,2.2226
736048,20150326,19,0,3.5496,53,0,2.1786
736048,20150326,19,0,3.5496,54,0,2.141
736048,20150326,19,0,3.5496,55,0,2.1348
736048,20150326,19,0,3.5496,56,0,2.1038
736048,20150326,19,0,3.5496,57,0,2.1023
736048,20150326,19,0,3.5496,58,0,2.0693
736048,20150326,19,0,3.5496,59,0,2.0338
736048,20150326,19,0,3.5496,60,0,2.0271
736048,20150326,19,0,3.5496,61,0,1.9983
736048,20150326,19,0,3.5496,62,0,1.9729
736048,20150326,19,0,3.5496,63,0,1.9723
736048,20150326,19,0,3.5496,64,0,1.9518
736048,20150326,20,0,3.4693,21,0,3.4632
736048,20150326,20,0,3.4693,22,0,3.3423
736048,20150326,20,0,3.4693,23,0,3.2736
736048,20150326,20,0,3.4693,24,0,3.2601
736048,20150326,20,0,3.4693,25,0,3.2355
736048,20150326,20,0,3.4693,26,0,3.2179
736048,20150326,20,0,3.4693,27,0,3.1993
736048,20150326,20,0,3.4693,28,0,3.1427
736048,20150326,20,0,3.4693,29,0,3.0755
736048,20150326,20,0,3.4693,30,0,3.0517
736048,20150326,20,0,3.4693,31,0,3.0438
736048,20150326,20,0,3.4693,32,0,2.9955
736048,20150326,20,0,3.4693,33,0,2.9112
736048,20150326,20,0,3.4693,34,0,2.8597
736048,20150326,20,0,3.4693,35,0,2.7765
736048,20150326,20,0,3.4693,36,0,2.7693
736048,20150326,20,0,3.4693,37,0,2.7157
736048,20150326,20,0,3.4693,38,0,2.6936
736048,20150326,20,0,3.4693,39,0,2.6147
736048,20150326,20,0,3.4693,40,0,2.5915
736048,20150326,20,0,3.4693,41,0,2.5753
736048,20150326,20,0,3.4693,42,0,2.5376
736048,20150326,20,0,3.4693,43,0,2.5053
736048,20150326,20,0,3.4693,44,0,2.4774
736048,20150326,20,0,3.4693,45,0,2.4545
736048,20150326,20,0,3.4693,46,0,2.446
736048,20150326,20,0,3.4693,47,0,2.3776
736048,20150326,20,0,3.4693,48,0,2.3015
736048,20150326,20,0,3.4693,49,0,2.2761
736048,20150326,20,0,3.4693,50,0,2.2693
736048,20150326,20,0,3.4693,51,0,2.2648
736048,20150326,20,0,3.4693,52,0,2.2226
736048,20150326,20,0,3.4693,53,0,2.1786
736048,20150326,20,0,3.4693,54,0,2.141
736048,20150326,20,0,3.4693,55,0,2.1348
736048,20150326,20,0,3.4693,56,0,2.1038
736048,20150326,20,0,3.4693,57,0,2.1023
736048,20150326,20,0,3.4693,58,0,2.0693
736048,20150326,20,0,3.4693,59,0,2.0338
736048,20150326,20,0,3.4693,60,0,2.0271
736048,20150326,20,0,3.4693,61,0,1.9983
736048,20150326,20,0,3.4693,62,0,1.9729
736048,20150326,20,0,3.4693,63,0,1.9723
736048,20150326,20,0,3.4693,64,0,1.9518
736048,20150326,21,0,3.4632,22,0,3.3423
736048,20150326,21,0,3.4632,23,0,3.2736
736048,20150326,21,0,3.4632,24,0,3.2601
736048,20150326,21,0,3.4632,25,0,3.2355
736048,20150326,21,0,3.4632,26,0,3.2179
736048,20150326,21,0,3.4632,27,0,3.1993
736048,20150326,21,0,3.4632,28,0,3.1427
736048,20150326,21,0,3.4632,29,0,3.0755
736048,20150326,21,0,3.4632,30,0,3.0517
736048,20150326,21,0,3.4632,31,0,3.0438
736048,20150326,21,0,3.4632,32,0,2.9955
736048,20150326,21,0,3.4632,33,0,2.9112
736048,20150326,21,0,3.4632,34,0,2.8597
736048,20150326,21,0,3.4632,35,0,2.7765
736048,20150326,21,0,3.4632,36,0,2.7693
736048,20150326,21,0,3.4632,37,0,2.7157
736048,20150326,21,0,3.4632,38,0,2.6936
736048,20150326,21,0,3.4632,39,0,2.6147
736048,20150326,21,0,3.4632,40,0,2.5915
736048,20150326,21,0,3.4632,41,0,2.5753
736048,20150326,21,0,3.4632,42,0,2.5376
736048,20150326,21,0,3.4632,43,0,2.5053
736048,20150326,21,0,3.4632,44,0,2.4774
736048,20150326,21,0,3.4632,45,0,2.4545
736048,20150326,21,0,3.4632,46,0,2.446
736048,20150326,21,0,3.4632,47,0,2.3776
736048,20150326,21,0,3.4632,48,0,2.3015
736048,20150326,21,0,3.4632,49,0,2.2761
736048,20150326,21,0,3.4632,50,0,2.2693
736048,20150326,21,0,3.4632,51,0,2.2648
736048,20150326,21,0,3.4632,52,0,2.2226
736048,20150326,21,0,3.4632,53,0,2.1786
736048,20150326,21,0,3.4632,54,0,2.141
736048,20150326,21,0,3.4632,55,0,2.1348
736048,20150326,21,0,3.4632,56,0,2.1038
736048,20150326,21,0,3.4632,57,0,2.1023
736048,20150326,21,0,3.4632,58,0,2.0693
736048,20150326,21,0,3.4632,59,0,2.0338
736048,20150326,21,0,3.4632,60,0,2.0271
736048,20150326,21,0,3.4632,61,0,1.9983
736048,20150326,21,0,3.4632,62,0,1.9729
736048,20150326,21,0,3.4632,63,0,1.9723
736048,20150326,21,0,3.4632,64,0,1.9518
736048,20150326,22,0,3.3423,23,0,3.2736
736048,20150326,22,0,3.3423,24,0,3.2601
736048,20150326,22,0,3.3423,25,0,3.2355
736048,20150326,22,0,3.3423,26,0,3.2179
736048,20150326,22,0,3.3423,27,0,3.1993
736048,20150326,22,0,3.3423,28,0,3.1427
736048,20150326,22,0,3.3423,29,0,3.0755
736048,20150326,22,0,3.3423,30,0,3.0517
736048,20150326,22,0,3.3423,31,0,3.0438
736048,20150326,22,0,3.3423,32,0,2.9955
736048,20150326,22,0,3.3423,33,0,2.9112
736048,20150326,22,0,3.3423,34,0,2.8597
736048,20150326,22,0,3.3423,35,0,2.7765
736048,20150326,22,0,3.3423,36,0,2.7693
736048,20150326,22,0,3.3423,37,0,2.7157
736048,20150326,22,0,3.3423,38,0,2.6936
736048,20150326,22,0,3.3423,39,0,2.6147
736048,20150326,22,0,3.3423,40,0,2.5915
736048,20150326,22,0,3.3423,41,0,2.5753
736048,20150326,22,0,3.3423,42,0,2.5376
736048,20150326,22,0,3.3423,43,0,2.5053
736048,20150326,22,0,3.3423,44,0,2.4774
736048,20150326,22,0,3.3423,45,0,2.4545
736048,20150326,22,0,3.3423,46,0,2.446
736048,20150326,22,0,3.3423,47,0,2.3776
736048,20150326,22,0,3.3423,48,0,2.3015
736048,20150326,22,0,3.3423,49,0,2.2761
736048,20150326,22,0,3.3423,50,0,2.2693
736048,20150326,22,0,3.3423,51,0,2.2648
736048,20150326,22,0,3.3423,52,0,2.2226
736048,20150326,22,0,3.3423,53,0,2.1786
736048,20150326,22,0,3.3423,54,0,2.141
736048,20150326,22,0,3.3423,55,0,2.1348
736048,20150326,22,0,3.3423,56,0,2.1038
736048,20150326,22,0,3.3423,57,0,2.1023
736048,20150326,22,0,3.3423,58,0,2.0693
736048,20150326,22,0,3.3423,59,0,2.0338
736048,20150326,22,0,3.3423,60,0,2.0271
736048,20150326,22,0,3.3423,61,0,1.9983
736048,20150326,22,0,3.3423,62,0,1.9729
736048,20150326,22,0,3.3423,63,0,1.9723
736048,20150326,22,0,3.3423,64,0,1.9518
736048,20150326,23,0,3.2736,24,0,3.2601
736048,20150326,23,0,3.2736,25,0,3.2355
736048,20150326,23,0,3.2736,26,0,3.2179
736048,20150326,23,0,3.2736,27,0,3.1993
736048,20150326,23,0,3.2736,28,0,3.1427
736048,20150326,23,0,3.2736,29,0,3.0755
736048,20150326,23,0,3.2736,30,0,3.0517
736048,20150326,23,0,3.2736,31,0,3.0438
736048,20150326,23,0,3.2736,32,0,2.9955
736048,20150326,23,0,3.2736,33,0,2.9112
736048,20150326,23,0,3.2736,34,0,2.8597
736048,20150326,23,0,3.2736,35,0,2.7765
736048,20150326,23,0,3.2736,36,0,2.7693
736048,20150326,23,0,3.2736,37,0,2.7157
736048,20150326,23,0,3.2736,38,0,2.6936
736048,20150326,23,0,3.2736,39,0,2.6147
736048,20150326,23,0,3.2736,40,0,2.5915
736048,20150326,23,0,3.2736,41,0,2.5753
736048,20150326,23,0,3.2736,42,0,2.5376
736048,20150326,23,0,3.2736,43,0,2.5053
736048,20150326,23,0,3.2736,44,0,2.4774
736048,20150326,23,0,3.2736,45,0,2.4545
736048,20150326,23,0,3.2736,46,0,2.446
736048,20150326,23,0,3.2736,47,0,2.3776
736048,20150326,23,0,3.2736,48,0,2.3015
736048,20150326,23,0,3.2736,49,0,2.2761
736048,20150326,23,0,3.2736,50,0,2.2693
736048,20150326,23,0,3.2736,51,0,2.2648
736048,20150326,23,0,3.2736,52,0,2.2226
736048,20150326,23,0,3.2736,53,0,2.1786
736048,20150326,23,0,3.2736,54,0,2.141
736048,20150326,23,0,3.2736,55,0,2.1348
736048,20150326,23,0,3.2736,56,0,2.1038
736048,20150326,23,0,3.2736,57,0,2.1023
736048,20150326,23,0,3.2736,58,0,2.0693
736048,20150326,23,0,3.2736,59,0,2.0338
736048,20150326,23,0,3.2736,60,0,2.0271
736048,20150326,23,0,3.2736,61,0,1.9983
736048,20150326,23,0,3.2736,62,0,1.9729
736048,20150326,23,0,3.2736,63,0,1.9723
736048,20150326,23,0,3.2736,64,0,1.9518
736048,20150326,24,0,3.2601,25,0,3.2355
736048,20150326,24,0,3.2601,26,0,3.2179
736048,20150326,24,0,3.2601,27,0,3.1993
736048,20150326,24,0,3.2601,28,0,3.1427
736048,20150326,24,0,3.2601,29,0,3.0755
736048,20150326,24,0,3.2601,30,0,3.0517
736048,20150326,24,0,3.2601,31,0,3.0438
736048,20150326,24,0,3.2601,32,0,2.9955
736048,20150326,24,0,3.2601,33,0,2.9112
736048,20150326,24,0,3.2601,34,0,2.8597
736048,20150326,24,0,3.2601,35,0,2.7765
736048,20150326,24,0,3.2601,36,0,2.7693
736048,20150326,24,0,3.2601,37,0,2.7157
736048,20150326,24,0,3.2601,38,0,2.6936
736048,20150326,24,0,3.2601,39,0,2.6147
736048,20150326,24,0,3.2601,40,0,2.5915
736048,20150326,24,0,3.2601,41,0,2.5753
736048,20150326,24,0,3.2601,42,0,2.5376
736048,20150326,24,0,3.2601,43,0,2.5053
736048,20150326,24,0,3.2601,44,0,2.4774
736048,20150326,24,0,3.2601,45,0,2.4545
736048,20150326,24,0,3.2601,46,0,2.446
736048,20150326,24,0,3.2601,47,0,2.3776
736048,20150326,24,0,3.2601,48,0,2.3015
736048,20150326,24,0,3.2601,49,0,2.2761
736048,20150326,24,0,3.2601,50,0,2.2693
736048,20150326,24,0,3.2601,51,0,2.2648
736048,20150326,24,0,3.2601,52,0,2.2226
736048,20150326,24,0,3.2601,53,0,2.1786
736048,20150326,24,0,3.2601,54,0,2.141
736048,20150326,24,0,3.2601,55,0,2.1348
736048,20150326,24,0,3.2601,56,0,2.1038
736048,20150326,24,0,3.2601,57,0,2.1023
736048,20150326,24,0,3.2601,58,0,2.0693
736048,20150326,24,0,3.2601,59,0,2.0338
736048,20150326,24,0,3.2601,60,0,2.0271
736048,20150326,24,0,3.2601,61,0,1.9983
736048,20150326,24,0,3.2601,62,0,1.9729
736048,20150326,24,0,3.2601,63,0,1.9723
736048,20150326,24,0,3.2601,64,0,1.9518
736048,20150326,25,0,3.2355,26,0,3.2179
736048,20150326,25,0,3.2355,27,0,3.1993
736048,20150326,25,0,3.2355,28,0,3.1427
736048,20150326,25,0,3.2355,29,0,3.0755
736048,20150326,25,0,3.2355,30,0,3.0517
736048,20150326,25,0,3.2355,31,0,3.0438
736048,20150326,25,0,3.2355,32,0,2.9955
736048,20150326,25,0,3.2355,33,0,2.9112
736048,20150326,25,0,3.2355,34,0,2.8597
736048,20150326,25,0,3.2355,35,0,2.7765
736048,20150326,25,0,3.2355,36,0,2.7693
736048,20150326,25,0,3.2355,37,0,2.7157
736048,20150326,25,0,3.2355,38,0,2.6936
736048,20150326,25,0,3.2355,39,0,2.6147
736048,20150326,25,0,3.2355,40,0,2.5915
736048,20150326,25,0,3.2355,41,0,2.5753
736048,20150326,25,0,3.2355,42,0,2.5376
736048,20150326,25,0,3.2355,43,0,2.5053
736048,20150326,25,0,3.2355,44,0,2.4774
736048,20150326,25,0,3.2355,45,0,2.4545
736048,20150326,25,0,3.2355,46,0,2.446
736048,20150326,25,0,3.2355,47,0,2.3776
736048,20150326,25,0,3.2355,48,0,2.3015
736048,20150326,25,0,3.2355,49,0,2.2761
736048,20150326,25,0,3.2355,50,0,2.2693
736048,20150326,25,0,3.2355,51,0,2.2648
736048,20150326,25,0,3.2355,52,0,2.2226
736048,20150326,25,0,3.2355,53,0,2.1786
736048,20150326,25,0,3.2355,54,0,2.141
736048,20150326,25,0,3.2355,55,0,2.1348
736048,20150326,25,0,3.2355,56,0,2.1038
736048,20150326,25,0,3.2355,57,0,2.1023
736048,20150326,25,0,3.2355,58,0,2.0693
736048,20150326,25,0,3.2355,59,0,2.0338
736048,20150326,25,0,3.2355,60,0,2.0271
736048,20150326,25,0,3.2355,61,0,1.9983
736048,20150326,25,0,3.2355,62,0,1.9729
736048,20150326,25,0,3.2355,63,0,1.9723
736048,20150326,25,0,3.2355,64,0,1.9518
736048,20150326,26,0,3.2179,27,0,3.1993
736048,20150326,26,0,3.2179,28,0,3.1427
736048,20150326,26,0,3.2179,29,0,3.0755
736048,20150326,26,0,3.2179,30,0,3.0517
736048,20150326,26,0,3.2179,31,0,3.0438
736048,20150326,26,0,3.2179,32,0,2.9955
736048,20150326,26,0,3.2179,33,0,2.9112
736048,20150326,26,0,3.2179,34,0,2.8597
736048,20150326,26,0,3.2179,35,0,2.7765
736048,20150326,26,0,3.2179,36,0,2.7693
736048,20150326,26,0,3.2179,37,0,2.7157
736048,20150326,26,0,3.2179,38,0,2.6936
736048,20150326,26,0,3.2179,39,0,2.6147
736048,20150326,26,0,3.2179,40,0,2.5915
736048,20150326,26,0,3.2179,41,0,2.5753
736048,20150326,26,0,3.2179,42,0,2.5376
736048,20150326,26,0,3.2179,43,0,2.5053
736048,20150326,26,0,3.2179,44,0,2.4774
736048,20150326,26,0,3.2179,45,0,2.4545
736048,20150326,26,0,3.2179,46,0,2.446
736048,20150326,26,0,3.2179,47,0,2.3776
736048,20150326,26,0,3.2179,48,0,2.3015
736048,20150326,26,0,3.2179,49,0,2.2761
736048,20150326,26,0,3.2179,50,0,2.2693
736048,20150326,26,0,3.2179,51,0,2.2648
736048,20150326,26,0,3.2179,52,0,2.2226
736048,20150326,26,0,3.2179,53,0,2.1786
736048,20150326,26,0,3.2179,54,0,2.141
736048,20150326,26,0,3.2179,55,0,2.1348
736048,20150326,26,0,3.2179,56,0,2.1038
736048,20150326,26,0,3.2179,57,0,2.1023
736048,20150326,26,0,3.2179,58,0,2.0693
736048,20150326,26,0,3.2179,59,0,2.0338
736048,20150326,26,0,3.2179,60,0,2.0271
736048,20150326,26,0,3.2179,61,0,1.9983
736048,20150326,26,0,3.2179,62,0,1.9729
736048,20150326,26,0,3.2179,63,0,1.9723
736048,20150326,26,0,3.2179,64,0,1.9518
736048,20150326,27,0,3.1993,28,0,3.1427
736048,20150326,27,0,3.1993,29,0,3.0755
736048,20150326,27,0,3.1993,30,0,3.0517
736048,20150326,27,0,3.1993,31,0,3.0438
736048,20150326,27,0,3.1993,32,0,2.9955
736048,20150326,27,0,3.1993,33,0,2.9112
736048,20150326,27,0,3.1993,34,0,2.8597
736048,20150326,27,0,3.1993,35,0,2.7765
736048,20150326,27,0,3.1993,36,0,2.7693
736048,20150326,27,0,3.1993,37,0,2.7157
736048,20150326,27,0,3.1993,38,0,2.6936
736048,20150326,27,0,3.1993,39,0,2.6147
736048,20150326,27,0,3.1993,40,0,2.5915
736048,20150326,27,0,3.1993,41,0,2.5753
736048,20150326,27,0,3.1993,42,0,2.5376
736048,20150326,27,0,3.1993,43,0,2.5053
736048,20150326,27,0,3.1993,44,0,2.4774
736048,20150326,27,0,3.1993,45,0,2.4545
736048,20150326,27,0,3.1993,46,0,2.446
736048,20150326,27,0,3.1993,47,0,2.3776
736048,20150326,27,0,3.1993,48,0,2.3015
736048,20150326,27,0,3.1993,49,0,2.2761
736048,20150326,27,0,3.1993,50,0,2.2693
736048,20150326,27,0,3.1993,51,0,2.2648
736048,20150326,27,0,3.1993,52,0,2.2226
736048,20150326,27,0,3.1993,53,0,2.1786
736048,20150326,27,0,3.1993,54,0,2.141
736048,20150326,27,0,3.1993,55,0,2.1348
736048,20150326,27,0,3.1993,56,0,2.1038
736048,20150326,27,0,3.1993,57,0,2.1023
736048,20150326,27,0,3.1993,58,0,2.0693
736048,20150326,27,0,3.1993,59,0,2.0338
736048,20150326,27,0,3.1993,60,0,2.0271
736048,20150326,27,0,3.1993,61,0,1.9983
736048,20150326,27,0,3.1993,62,0,1.9729
736048,20150326,27,0,3.1993,63,0,1.9723
736048,20150326,27,0,3.1993,64,0,1.9518
736048,20150326,28,0,3.1427,29,0,3.0755
736048,20150326,28,0,3.1427,30,0,3.0517
736048,20150326,28,0,3.1427,31,0,3.0438
736048,20150326,28,0,3.1427,32,0,2.9955
736048,20150326,28,0,3.1427,33,0,2.9112
736048,20150326,28,0,3.1427,34,0,2.8597
736048,20150326,28,0,3.1427,35,0,2.7765
736048,20150326,28,0,3.1427,36,0,2.7693
736048,20150326,28,0,3.1427,37,0,2.7157
736048,20150326,28,0,3.1427,38,0,2.6936
736048,20150326,28,0,3.1427,39,0,2.6147
736048,20150326,28,0,3.1427,40,0,2.5915
736048,20150326,28,0,3.1427,41,0,2.5753
736048,20150326,28,0,3.1427,42,0,2.5376
736048,20150326,28,0,3.1427,43,0,2.5053
736048,20150326,28,0,3.1427,44,0,2.4774
736048,20150326,28,0,3.1427,45,0,2.4545
736048,20150326,28,0,3.1427,46,0,2.446
736048,20150326,28,0,3.1427,47,0,2.3776
736048,20150326,28,0,3.1427,48,0,2.3015
736048,20150326,28,0,3.1427,49,0,2.2761
736048,20150326,28,0,3.1427,50,0,2.2693
736048,20150326,28,0,3.1427,51,0,2.2648
736048,20150326,28,0,3.1427,52,0,2.2226
736048,20150326,28,0,3.1427,53,0,2.1786
736048,20150326,28,0,3.1427,54,0,2.141
736048,20150326,28,0,3.1427,55,0,2.1348
736048,20150326,28,0,3.1427,56,0,2.1038
736048,20150326,28,0,3.1427,57,0,2.1023
736048,20150326,28,0,3.1427,58,0,2.0693
736048,20150326,28,0,3.1427,59,0,2.0338
736048,20150326,28,0,3.1427,60,0,2.0271
736048,20150326,28,0,3.1427,61,0,1.9983
736048,20150326,28,0,3.1427,62,0,1.9729
736048,20150326,28,0,3.1427,63,0,1.9723
736048,20150326,28,0,3.1427,64,0,1.9518
736048,20150326,29,0,3.0755,30,0,3.0517
736048,20150326,29,0,3.0755,31,0,3.0438
736048,20150326,29,0,3.0755,32,0,2.9955
736048,20150326,29,0,3.0755,33,0,2.9112
736048,20150326,29,0,3.0755,34,0,2.8597
736048,20150326,29,0,3.0755,35,0,2.7765
736048,20150326,29,0,3.0755,36,0,2.7693
736048,20150326,29,0,3.0755,37,0,2.7157
736048,20150326,29,0,3.0755,38,0,2.6936
736048,20150326,29,0,3.0755,39,0,2.6147
736048,20150326,29,0,3.0755,40,0,2.5915
736048,20150326,29,0,3.0755,41,0,2.5753
736048,20150326,29,0,3.0755,42,0,2.5376
736048,20150326,29,0,3.0755,43,0,2.5053
736048,20150326,29,0,3.0755,44,0,2.4774
736048,20150326,29,0,3.0755,45,0,2.4545
736048,20150326,29,0,3.0755,46,0,2.446
736048,20150326,29,0,3.0755,47,0,2.3776
736048,20150326,29,0,3.0755,48,0,2.3015
736048,20150326,29,0,3.0755,49,0,2.2761
736048,20150326,29,0,3.0755,50,0,2.2693
736048,20150326,29,0,3.0755,51,0,2.2648
736048,20150326,29,0,3.0755,52,0,2.2226
736048,20150326,29,0,3.0755,53,0,2.1786
736048,20150326,29,0,3.0755,54,0,2.141
736048,20150326,29,0,3.0755,55,0,2.1348
736048,20150326,29,0,3.0755,56,0,2.1038
736048,20150326,29,0,3.0755,57,0,2.1023
736048,20150326,29,0,3.0755,58,0,2.0693
736048,20150326,29,0,3.0755,59,0,2.0338
736048,20150326,29,0,3.0755,60,0,2.0271
736048,20150326,29,0,3.0755,61,0,1.9983
736048,20150326,29,0,3.0755,62,0,1.9729
736048,20150326,29,0,3.0755,63,0,1.9723
736048,20150326,29,0,3.0755,64,0,1.9518
736048,20150326,30,0,3.0517,31,0,3.0438
736048,20150326,30,0,3.0517,32,0,2.9955
736048,20150326,30,0,3.0517,33,0,2.9112
736048,20150326,30,0,3.0517,34,0,2.8597
736048,20150326,30,0,3.0517,35,0,2.7765
736048,20150326,30,0,3.0517,36,0,2.7693
736048,20150326,30,0,3.0517,37,0,2.7157
736048,20150326,30,0,3.0517,38,0,2.6936
736048,20150326,30,0,3.0517,39,0,2.6147
736048,20150326,30,0,3.0517,40,0,2.5915
736048,20150326,30,0,3.0517,41,0,2.5753
736048,20150326,30,0,3.0517,42,0,2.5376
736048,20150326,30,0,3.0517,43,0,2.5053
736048,20150326,30,0,3.0517,44,0,2.4774
736048,20150326,30,0,3.0517,45,0,2.4545
736048,20150326,30,0,3.0517,46,0,2.446
736048,20150326,30,0,3.0517,47,0,2.3776
736048,20150326,30,0,3.0517,48,0,2.3015
736048,20150326,30,0,3.0517,49,0,2.2761
736048,20150326,30,0,3.0517,50,0,2.2693
736048,20150326,30,0,3.0517,51,0,2.2648
736048,20150326,30,0,3.0517,52,0,2.2226
736048,20150326,30,0,3.0517,53,0,2.1786
736048,20150326,30,0,3.0517,54,0,2.141
736048,20150326,30,0,3.0517,55,0,2.1348
736048,20150326,30,0,3.0517,56,0,2.1038
736048,20150326,30,0,3.0517,57,0,2.1023
736048,20150326,30,0,3.0517,58,0,2.0693
736048,20150326,30,0,3.0517,59,0,2.0338
736048,20150326,30,0,3.0517,60,0,2.0271
736048,20150326,30,0,3.0517,61,0,1.9983
736048,20150326,30,0,3.0517,62,0,1.9729
736048,20150326,30,0,3.0517,63,0,1.9723
736048,20150326,30,0,3.0517,64,0,1.9518
736048,20150326,31,0,3.0438,32,0,2.9955
736048,20150326,31,0,3.0438,33,0,2.9112
736048,20150326,31,0,3.0438,34,0,2.8597
736048,20150326,31,0,3.0438,35,0,2.7765
736048,20150326,31,0,3.0438,36,0,2.7693
736048,20150326,31,0,3.0438,37,0,2.7157
736048,20150326,31,0,3.0438,38,0,2.6936
736048,20150326,31,0,3.0438,39,0,2.6147
736048,20150326,31,0,3.0438,40,0,2.5915
736048,20150326,31,0,3.0438,41,0,2.5753
736048,20150326,31,0,3.0438,42,0,2.5376
736048,20150326,31,0,3.0438,43,0,2.5053
736048,20150326,31,0,3.0438,44,0,2.4774
736048,20150326,31,0,3.0438,45,0,2.4545
736048,20150326,31,0,3.0438,46,0,2.446
736048,20150326,31,0,3.0438,47,0,2.3776
736048,20150326,31,0,3.0438,48,0,2.3015
736048,20150326,31,0,3.0438,49,0,2.2761
736048,20150326,31,0,3.0438,50,0,2.2693
736048,20150326,31,0,3.0438,51,0,2.2648
736048,20150326,31,0,3.0438,52,0,2.2226
736048,20150326,31,0,3.0438,53,0,2.1786
736048,20150326,31,0,3.0438,54,0,2.141
736048,20150326,31,0,3.0438,55,0,2.1348
736048,20150326,31,0,3.0438,56,0,2.1038
736048,20150326,31,0,3.0438,57,0,2.1023
736048,20150326,31,0,3.0438,58,0,2.0693
736048,20150326,31,0,3.0438,59,0,2.0338
736048,20150326,31,0,3.0438,60,0,2.0271
736048,20150326,31,0,3.0438,61,0,1.9983
736048,20150326,31,0,3.0438,62,0,1.9729
736048,20150326,31,0,3.0438,63,0,1.9723
736048,20150326,31,0,3.0438,64,0,1.9518
736048,20150326,32,0,2.9955,33,0,2.9112
736048,20150326,32,0,2.9955,34,0,2.8597
736048,20150326,32,0,2.9955,35,0,2.7765
736048,20150326,32,0,2.9955,36,0,2.7693
736048,20150326,32,0,2.9955,37,0,2.7157
736048,20150326,32,0,2.9955,38,0,2.6936
736048,20150326,32,0,2.9955,39,0,2.6147
736048,20150326,32,0,2.9955,40,0,2.5915
736048,20150326,32,0,2.9955,41,0,2.5753
736048,20150326,32,0,2.9955,42,0,2.5376
736048,20150326,32,0,2.9955,43,0,2.5053
736048,20150326,32,0,2.9955,44,0,2.4774
736048,20150326,32,0,2.9955,45,0,2.4545
736048,20150326,32,0,2.9955,46,0,2.446
736048,20150326,32,0,2.9955,47,0,2.3776
736048,20150326,32,0,2.9955,48,0,2.3015
736048,20150326,32,0,2.9955,49,0,2.2761
736048,20150326,32,0,2.9955,50,0,2.2693
736048,20150326,32,0,2.9955,51,0,2.2648
736048,20150326,32,0,2.9955,52,0,2.2226
736048,20150326,32,0,2.9955,53,0,2.1786
736048,20150326,32,0,2.9955,54,0,2.141
736048,20150326,32,0,2.9955,55,0,2.1348
736048,20150326,32,0,2.9955,56,0,2.1038
736048,20150326,32,0,2.9955,57,0,2.1023
736048,20150326,32,0,2.9955,58,0,2.0693
736048,20150326,32,0,2.9955,59,0,2.0338
736048,20150326,32,0,2.9955,60,0,2.0271
736048,20150326,32,0,2.9955,61,0,1.9983
736048,20150326,32,0,2.9955,62,0,1.9729
736048,20150326,32,0,2.9955,63,0,1.9723
736048,20150326,32,0,2.9955,64,0,1.9518
736048,20150326,33,0,2.9112,34,0,2.8597
736048,20150326,33,0,2.9112,35,0,2.7765
736048,20150326,33,0,2.9112,36,0,2.7693
736048,20150326,33,0,2.9112,37,0,2.7157
736048,20150326,33,0,2.9112,38,0,2.6936
736048,20150326,33,0,2.9112,39,0,2.6147
736048,20150326,33,0,2.9112,40,0,2.5915
736048,20150326,33,0,2.9112,41,0,2.5753
736048,20150326,33,0,2.9112,42,0,2.5376
736048,20150326,33,0,2.9112,43,0,2.5053
736048,20150326,33,0,2.9112,44,0,2.4774
736048,20150326,33,0,2.9112,45,0,2.4545
736048,20150326,33,0,2.9112,46,0,2.446
736048,20150326,33,0,2.9112,47,0,2.3776
736048,20150326,33,0,2.9112,48,0,2.3015
736048,20150326,33,0,2.9112,49,0,2.2761
736048,20150326,33,0,2.9112,50,0,2.2693
736048,20150326,33,0,2.9112,51,0,2.2648
736048,20150326,33,0,2.9112,52,0,2.2226
736048,20150326,33,0,2.9112,53,0,2.1786
736048,20150326,33,0,2.9112,54,0,2.141
736048,20150326,33,0,2.9112,55,0,2.1348
736048,20150326,33,0,2.9112,56,0,2.1038
736048,20150326,33,0,2.9112,57,0,2.1023
736048,20150326,33,0,2.9112,58,0,2.0693
736048,20150326,33,0,2.9112,59,0,2.0338
736048,20150326,33,0,2.9112,60,0,2.0271
736048,20150326,33,0,2.9112,61,0,1.9983
736048,20150326,33,0,2.9112,62,0,1.9729
736048,20150326,33,0,2.9112,63,0,1.9723
736048,20150326,33,0,2.9112,64,0,1.9518
736048,20150326,34,0,2.8597,35,0,2.7765
736048,20150326,34,0,2.8597,36,0,2.7693
736048,20150326,34,0,2.8597,37,0,2.7157
736048,20150326,34,0,2.8597,38,0,2.6936
736048,20150326,34,0,2.8597,39,0,2.6147
736048,20150326,34,0,2.8597,40,0,2.5915
736048,20150326,34,0,2.8597,41,0,2.5753
736048,20150326,34,0,2.8597,42,0,2.5376
736048,20150326,34,0,2.8597,43,0,2.5053
736048,20150326,34,0,2.8597,44,0,2.4774
736048,20150326,34,0,2.8597,45,0,2.4545
736048,20150326,34,0,2.8597,46,0,2.446
736048,20150326,34,0,2.8597,47,0,2.3776
736048,20150326,34,0,2.8597,48,0,2.3015
736048,20150326,34,0,2.8597,49,0,2.2761
736048,20150326,34,0,2.8597,50,0,2.2693
736048,20150326,34,0,2.8597,51,0,2.2648
736048,20150326,34,0,2.8597,52,0,2.2226
736048,20150326,34,0,2.8597,53,0,2.1786
736048,20150326,34,0,2.8597,54,0,2.141
736048,20150326,34,0,2.8597,55,0,2.1348
736048,20150326,34,0,2.8597,56,0,2.1038
736048,20150326,34,0,2.8597,57,0,2.1023
736048,20150326,34,0,2.8597,58,0,2.0693
736048,20150326,34,0,2.8597,59,0,2.0338
736048,20150326,34,0,2.8597,60,0,2.0271
736048,20150326,34,0,2.8597,61,0,1.9983
736048,20150326,34,0,2.8597,62,0,1.9729
736048,20150326,34,0,2.8597,63,0,1.9723
736048,20150326,34,0,2.8597,64,0,1.9518
736048,20150326,35,0,2.7765,36,0,2.7693
736048,20150326,35,0,2.7765,37,0,2.7157
736048,20150326,35,0,2.7765,38,0,2.6936
736048,20150326,35,0,2.7765,39,0,2.6147
736048,20150326,35,0,2.7765,40,0,2.5915
736048,20150326,35,0,2.7765,41,0,2.5753
736048,20150326,35,0,2.7765,42,0,2.5376
736048,20150326,35,0,2.7765,43,0,2.5053
736048,20150326,35,0,2.7765,44,0,2.4774
736048,20150326,35,0,2.7765,45,0,2.4545
736048,20150326,35,0,2.7765,46,0,2.446
736048,20150326,35,0,2.7765,47,0,2.3776
736048,20150326,35,0,2.7765,48,0,2.3015
736048,20150326,35,0,2.7765,49,0,2.2761
736048,20150326,35,0,2.7765,50,0,2.2693
736048,20150326,35,0,2.7765,51,0,2.2648
736048,20150326,35,0,2.7765,52,0,2.2226
736048,20150326,35,0,2.7765,53,0,2.1786
736048,20150326,35,0,2.7765,54,0,2.141
736048,20150326,35,0,2.7765,55,0,2.1348
736048,20150326,35,0,2.7765,56,0,2.1038
736048,20150326,35,0,2.7765,57,0,2.1023
736048,20150326,35,0,2.7765,58,0,2.0693
736048,20150326,35,0,2.7765,59,0,2.0338
736048,20150326,35,0,2.7765,60,0,2.0271
736048,20150326,35,0,2.7765,61,0,1.9983
736048,20150326,35,0,2.7765,62,0,1.9729
736048,20150326,35,0,2.7765,63,0,1.9723
736048,20150326,35,0,2.7765,64,0,1.9518
736048,20150326,36,0,2.7693,37,0,2.7157
736048,20150326,36,0,2.7693,38,0,2.6936
736048,20150326,36,0,2.7693,39,0,2.6147
736048,20150326,36,0,2.7693,40,0,2.5915
736048,20150326,36,0,2.7693,41,0,2.5753
736048,20150326,36,0,2.7693,42,0,2.5376
736048,20150326,36,0,2.7693,43,0,2.5053
736048,20150326,36,0,2.7693,44,0,2.4774
736048,20150326,36,0,2.7693,45,0,2.4545
736048,20150326,36,0,2.7693,46,0,2.446
736048,20150326,36,0,2.7693,47,0,2.3776
736048,20150326,36,0,2.7693,48,0,2.3015
736048,20150326,36,0,2.7693,49,0,2.2761
736048,20150326,36,0,2.7693,50,0,2.2693
736048,20150326,36,0,2.7693,51,0,2.2648
736048,20150326,36,0,2.7693,52,0,2.2226
736048,20150326,36,0,2.7693,53,0,2.1786
736048,20150326,36,0,2.7693,54,0,2.141
736048,20150326,36,0,2.7693,55,0,2.1348
736048,20150326,36,0,2.7693,56,0,2.1038
736048,20150326,36,0,2.7693,57,0,2.1023
736048,20150326,36,0,2.7693,58,0,2.0693
736048,20150326,36,0,2.7693,59,0,2.0338
736048,20150326,36,0,2.7693,60,0,2.0271
736048,20150326,36,0,2.7693,61,0,1.9983
736048,20150326,36,0,2.7693,62,0,1.9729
736048,20150326,36,0,2.7693,63,0,1.9723
736048,20150326,36,0,2.7693,64,0,1.9518
736048,20150326,37,0,2.7157,38,0,2.6936
736048,20150326,37,0,2.7157,39,0,2.6147
736048,20150326,37,0,2.7157,40,0,2.5915
736048,20150326,37,0,2.7157,41,0,2.5753
736048,20150326,37,0,2.7157,42,0,2.5376
736048,20150326,37,0,2.7157,43,0,2.5053
736048,20150326,37,0,2.7157,44,0,2.4774
736048,20150326,37,0,2.7157,45,0,2.4545
736048,20150326,37,0,2.7157,46,0,2.446
736048,20150326,37,0,2.7157,47,0,2.3776
736048,20150326,37,0,2.7157,48,0,2.3015
736048,20150326,37,0,2.7157,49,0,2.2761
736048,20150326,37,0,2.7157,50,0,2.2693
736048,20150326,37,0,2.7157,51,0,2.2648
736048,20150326,37,0,2.7157,52,0,2.2226
736048,20150326,37,0,2.7157,53,0,2.1786
736048,20150326,37,0,2.7157,54,0,2.141
736048,20150326,37,0,2.7157,55,0,2.1348
736048,20150326,37,0,2.7157,56,0,2.1038
736048,20150326,37,0,2.7157,57,0,2.1023
736048,20150326,37,0,2.7157,58,0,2.0693
736048,20150326,37,0,2.7157,59,0,2.0338
736048,20150326,37,0,2.7157,60,0,2.0271
736048,20150326,37,0,2.7157,61,0,1.9983
736048,20150326,37,0,2.7157,62,0,1.9729
736048,20150326,37,0,2.7157,63,0,1.9723
736048,20150326,37,0,2.7157,64,0,1.9518
736048,20150326,38,0,2.6936,39,0,2.6147
736048,20150326,38,0,2.6936,40,0,2.5915
736048,20150326,38,0,2.6936,41,0,2.5753
736048,20150326,38,0,2.6936,42,0,2.5376
736048,20150326,38,0,2.6936,43,0,2.5053
736048,20150326,38,0,2.6936,44,0,2.4774
736048,20150326,38,0,2.6936,45,0,2.4545
736048,20150326,38,0,2.6936,46,0,2.446
736048,20150326,38,0,2.6936,47,0,2.3776
736048,20150326,38,0,2.6936,48,0,2.3015
736048,20150326,38,0,2.6936,49,0,2.2761
736048,20150326,38,0,2.6936,50,0,2.2693
736048,20150326,38,0,2.6936,51,0,2.2648
736048,20150326,38,0,2.6936,52,0,2.2226
736048,20150326,38,0,2.6936,53,0,2.1786
736048,20150326,38,0,2.6936,54,0,2.141
736048,20150326,38,0,2.6936,55,0,2.1348
736048,20150326,38,0,2.6936,56,0,2.1038
736048,20150326,38,0,2.6936,57,0,2.1023
736048,20150326,38,0,2.6936,58,0,2.0693
736048,20150326,38,0,2.6936,59,0,2.0338
736048,20150326,38,0,2.6936,60,0,2.0271
736048,20150326,38,0,2.6936,61,0,1.9983
736048,20150326,38,0,2.6936,62,0,1.9729
736048,20150326,38,0,2.6936,63,0,1.9723
736048,20150326,38,0,2.6936,64,0,1.9518
736048,20150326,39,0,2.6147,40,0,2.5915
736048,20150326,39,0,2.6147,41,0,2.5753
736048,20150326,39,0,2.6147,42,0,2.5376
736048,20150326,39,0,2.6147,43,0,2.5053
736048,20150326,39,0,2.6147,44,0,2.4774
736048,20150326,39,0,2.6147,45,0,2.4545
736048,20150326,39,0,2.6147,46,0,2.446
736048,20150326,39,0,2.6147,47,0,2.3776
736048,20150326,39,0,2.6147,48,0,2.3015
736048,20150326,39,0,2.6147,49,0,2.2761
736048,20150326,39,0,2.6147,50,0,2.2693
736048,20150326,39,0,2.6147,51,0,2.2648
736048,20150326,39,0,2.6147,52,0,2.2226
736048,20150326,39,0,2.6147,53,0,2.1786
736048,20150326,39,0,2.6147,54,0,2.141
736048,20150326,39,0,2.6147,55,0,2.1348
736048,20150326,39,0,2.6147,56,0,2.1038
736048,20150326,39,0,2.6147,57,0,2.1023
736048,20150326,39,0,2.6147,58,0,2.0693
736048,20150326,39,0,2.6147,59,0,2.0338
736048,20150326,39,0,2.6147,60,0,2.0271
736048,20150326,39,0,2.6147,61,0,1.9983
736048,20150326,39,0,2.6147,62,0,1.9729
736048,20150326,39,0,2.6147,63,0,1.9723
736048,20150326,39,0,2.6147,64,0,1.9518
736048,20150326,40,0,2.5915,41,0,2.5753
736048,20150326,40,0,2.5915,42,0,2.5376
736048,20150326,40,0,2.5915,43,0,2.5053
736048,20150326,40,0,2.5915,44,0,2.4774
736048,20150326,40,0,2.5915,45,0,2.4545
736048,20150326,40,0,2.5915,46,0,2.446
736048,20150326,40,0,2.5915,47,0,2.3776
736048,20150326,40,0,2.5915,48,0,2.3015
736048,20150326,40,0,2.5915,49,0,2.2761
736048,20150326,40,0,2.5915,50,0,2.2693
736048,20150326,40,0,2.5915,51,0,2.2648
736048,20150326,40,0,2.5915,52,0,2.2226
736048,20150326,40,0,2.5915,53,0,2.1786
736048,20150326,40,0,2.5915,54,0,2.141
736048,20150326,40,0,2.5915,55,0,2.1348
736048,20150326,40,0,2.5915,56,0,2.1038
736048,20150326,40,0,2.5915,57,0,2.1023
736048,20150326,40,0,2.5915,58,0,2.0693
736048,20150326,40,0,2.5915,59,0,2.0338
736048,20150326,40,0,2.5915,60,0,2.0271
736048,20150326,40,0,2.5915,61,0,1.9983
736048,20150326,40,0,2.5915,62,0,1.9729
736048,20150326,40,0,2.5915,63,0,1.9723
736048,20150326,40,0,2.5915,64,0,1.9518
736048,20150326,41,0,2.5753,42,0,2.5376
736048,20150326,41,0,2.5753,43,0,2.5053
736048,20150326,41,0,2.5753,44,0,2.4774
736048,20150326,41,0,2.5753,45,0,2.4545
736048,20150326,41,0,2.5753,46,0,2.446
736048,20150326,41,0,2.5753,47,0,2.3776
736048,20150326,41,0,2.5753,48,0,2.3015
736048,20150326,41,0,2.5753,49,0,2.2761
736048,20150326,41,0,2.5753,50,0,2.2693
736048,20150326,41,0,2.5753,51,0,2.2648
736048,20150326,41,0,2.5753,52,0,2.2226
736048,20150326,41,0,2.5753,53,0,2.1786
736048,20150326,41,0,2.5753,54,0,2.141
736048,20150326,41,0,2.5753,55,0,2.1348
736048,20150326,41,0,2.5753,56,0,2.1038
736048,20150326,41,0,2.5753,57,0,2.1023
736048,20150326,41,0,2.5753,58,0,2.0693
736048,20150326,41,0,2.5753,59,0,2.0338
736048,20150326,41,0,2.5753,60,0,2.0271
736048,20150326,41,0,2.5753,61,0,1.9983
736048,20150326,41,0,2.5753,62,0,1.9729
736048,20150326,41,0,2.5753,63,0,1.9723
736048,20150326,41,0,2.5753,64,0,1.9518
736048,20150326,42,0,2.5376,43,0,2.5053
736048,20150326,42,0,2.5376,44,0,2.4774
736048,20150326,42,0,2.5376,45,0,2.4545
736048,20150326,42,0,2.5376,46,0,2.446
736048,20150326,42,0,2.5376,47,0,2.3776
736048,20150326,42,0,2.5376,48,0,2.3015
736048,20150326,42,0,2.5376,49,0,2.2761
736048,20150326,42,0,2.5376,50,0,2.2693
736048,20150326,42,0,2.5376,51,0,2.2648
736048,20150326,42,0,2.5376,52,0,2.2226
736048,20150326,42,0,2.5376,53,0,2.1786
736048,20150326,42,0,2.5376,54,0,2.141
736048,20150326,42,0,2.5376,55,0,2.1348
736048,20150326,42,0,2.5376,56,0,2.1038
736048,20150326,42,0,2.5376,57,0,2.1023
736048,20150326,42,0,2.5376,58,0,2.0693
736048,20150326,42,0,2.5376,59,0,2.0338
736048,20150326,42,0,2.5376,60,0,2.0271
736048,20150326,42,0,2.5376,61,0,1.9983
736048,20150326,42,0,2.5376,62,0,1.9729
736048,20150326,42,0,2.5376,63,0,1.9723
736048,20150326,42,0,2.5376,64,0,1.9518
736048,20150326,43,0,2.5053,44,0,2.4774
736048,20150326,43,0,2.5053,45,0,2.4545
736048,20150326,43,0,2.5053,46,0,2.446
736048,20150326,43,0,2.5053,47,0,2.3776
736048,20150326,43,0,2.5053,48,0,2.3015
736048,20150326,43,0,2.5053,49,0,2.2761
736048,20150326,43,0,2.5053,50,0,2.2693
736048,20150326,43,0,2.5053,51,0,2.2648
736048,20150326,43,0,2.5053,52,0,2.2226
736048,20150326,43,0,2.5053,53,0,2.1786
736048,20150326,43,0,2.5053,54,0,2.141
736048,20150326,43,0,2.5053,55,0,2.1348
736048,20150326,43,0,2.5053,56,0,2.1038
736048,20150326,43,0,2.5053,57,0,2.1023
736048,20150326,43,0,2.5053,58,0,2.0693
736048,20150326,43,0,2.5053,59,0,2.0338
736048,20150326,43,0,2.5053,60,0,2.0271
736048,20150326,43,0,2.5053,61,0,1.9983
736048,20150326,43,0,2.5053,62,0,1.9729
736048,20150326,43,0,2.5053,63,0,1.9723
736048,20150326,43,0,2.5053,64,0,1.9518
736048,20150326,44,0,2.4774,45,0,2.4545
736048,20150326,44,0,2.4774,46,0,2.446
736048,20150326,44,0,2.4774,47,0,2.3776
736048,20150326,44,0,2.4774,48,0,2.3015
736048,20150326,44,0,2.4774,49,0,2.2761
736048,20150326,44,0,2.4774,50,0,2.2693
736048,20150326,44,0,2.4774,51,0,2.2648
736048,20150326,44,0,2.4774,52,0,2.2226
736048,20150326,44,0,2.4774,53,0,2.1786
736048,20150326,44,0,2.4774,54,0,2.141
736048,20150326,44,0,2.4774,55,0,2.1348
736048,20150326,44,0,2.4774,56,0,2.1038
736048,20150326,44,0,2.4774,57,0,2.1023
736048,20150326,44,0,2.4774,58,0,2.0693
736048,20150326,44,0,2.4774,59,0,2.0338
736048,20150326,44,0,2.4774,60,0,2.0271
736048,20150326,44,0,2.4774,61,0,1.9983
736048,20150326,44,0,2.4774,62,0,1.9729
736048,20150326,44,0,2.4774,63,0,1.9723
736048,20150326,44,0,2.4774,64,0,1.9518
736048,20150326,45,0,2.4545,46,0,2.446
736048,20150326,45,0,2.4545,47,0,2.3776
736048,20150326,45,0,2.4545,48,0,2.3015
736048,20150326,45,0,2.4545,49,0,2.2761
736048,20150326,45,0,2.4545,50,0,2.2693
736048,20150326,45,0,2.4545,51,0,2.2648
736048,20150326,45,0,2.4545,52,0,2.2226
736048,20150326,45,0,2.4545,53,0,2.1786
736048,20150326,45,0,2.4545,54,0,2.141
736048,20150326,45,0,2.4545,55,0,2.1348
736048,20150326,45,0,2.4545,56,0,2.1038
736048,20150326,45,0,2.4545,57,0,2.1023
736048,20150326,45,0,2.4545,58,0,2.0693
736048,20150326,45,0,2.4545,59,0,2.0338
736048,20150326,45,0,2.4545,60,0,2.0271
736048,20150326,45,0,2.4545,61,0,1.9983
736048,20150326,45,0,2.4545,62,0,1.9729
736048,20150326,45,0,2.4545,63,0,1.9723
736048,20150326,45,0,2.4545,64,0,1.9518
736048,20150326,46,0,2.446,47,0,2.3776
736048,20150326,46,0,2.446,48,0,2.3015
736048,20150326,46,0,2.446,49,0,2.2761
736048,20150326,46,0,2.446,50,0,2.2693
736048,20150326,46,0,2.446,51,0,2.2648
736048,20150326,46,0,2.446,52,0,2.2226
736048,20150326,46,0,2.446,53,0,2.1786
736048,20150326,46,0,2.446,54,0,2.141
736048,20150326,46,0,2.446,55,0,2.1348
736048,20150326,46,0,2.446,56,0,2.1038
736048,20150326,46,0,2.446,57,0,2.1023
736048,20150326,46,0,2.446,58,0,2.0693
736048,20150326,46,0,2.446,59,0,2.0338
736048,20150326,46,0,2.446,60,0,2.0271
736048,20150326,46,0,2.446,61,0,1.9983
736048,20150326,46,0,2.446,62,0,1.9729
736048,20150326,46,0,2.446,63,0,1.9723
736048,20150326,46,0,2.446,64,0,1.9518
736048,20150326,47,0,2.3776,48,0,2.3015
736048,20150326,47,0,2.3776,49,0,2.2761
736048,20150326,47,0,2.3776,50,0,2.2693
736048,20150326,47,0,2.3776,51,0,2.2648
736048,20150326,47,0,2.3776,52,0,2.2226
736048,20150326,47,0,2.3776,53,0,2.1786
736048,20150326,47,0,2.3776,54,0,2.141
736048,20150326,47,0,2.3776,55,0,2.1348
736048,20150326,47,0,2.3776,56,0,2.1038
736048,20150326,47,0,2.3776,57,0,2.1023
736048,20150326,47,0,2.3776,58,0,2.0693
736048,20150326,47,0,2.3776,59,0,2.0338
736048,20150326,47,0,2.3776,60,0,2.0271
736048,20150326,47,0,2.3776,61,0,1.9983
736048,20150326,47,0,2.3776,62,0,1.9729
736048,20150326,47,0,2.3776,63,0,1.9723
736048,20150326,47,0,2.3776,64,0,1.9518
736048,20150326,48,0,2.3015,49,0,2.2761
736048,20150326,48,0,2.3015,50,0,2.2693
736048,20150326,48,0,2.3015,51,0,2.2648
736048,20150326,48,0,2.3015,52,0,2.2226
736048,20150326,48,0,2.3015,53,0,2.1786
736048,20150326,48,0,2.3015,54,0,2.141
736048,20150326,48,0,2.3015,55,0,2.1348
736048,20150326,48,0,2.3015,56,0,2.1038
736048,20150326,48,0,2.3015,57,0,2.1023
736048,20150326,48,0,2.3015,58,0,2.0693
736048,20150326,48,0,2.3015,59,0,2.0338
736048,20150326,48,0,2.3015,60,0,2.0271
736048,20150326,48,0,2.3015,61,0,1.9983
736048,20150326,48,0,2.3015,62,0,1.9729
736048,20150326,48,0,2.3015,63,0,1.9723
736048,20150326,48,0,2.3015,64,0,1.9518
736048,20150326,49,0,2.2761,50,0,2.2693
736048,20150326,49,0,2.2761,51,0,2.2648
736048,20150326,49,0,2.2761,52,0,2.2226
736048,20150326,49,0,2.2761,53,0,2.1786
736048,20150326,49,0,2.2761,54,0,2.141
736048,20150326,49,0,2.2761,55,0,2.1348
736048,20150326,49,0,2.2761,56,0,2.1038
736048,20150326,49,0,2.2761,57,0,2.1023
736048,20150326,49,0,2.2761,58,0,2.0693
736048,20150326,49,0,2.2761,59,0,2.0338
736048,20150326,49,0,2.2761,60,0,2.0271
736048,20150326,49,0,2.2761,61,0,1.9983
736048,20150326,49,0,2.2761,62,0,1.9729
736048,20150326,49,0,2.2761,63,0,1.9723
736048,20150326,49,0,2.2761,64,0,1.9518
736048,20150326,50,0,2.2693,51,0,2.2648
736048,20150326,50,0,2.2693,52,0,2.2226
736048,20150326,50,0,2.2693,53,0,2.1786
736048,20150326,50,0,2.2693,54,0,2.141
736048,20150326,50,0,2.2693,55,0,2.1348
736048,20150326,50,0,2.2693,56,0,2.1038
736048,20150326,50,0,2.2693,57,0,2.1023
736048,20150326,50,0,2.2693,58,0,2.0693
736048,20150326,50,0,2.2693,59,0,2.0338
736048,20150326,50,0,2.2693,60,0,2.0271
736048,20150326,50,0,2.2693,61,0,1.9983
736048,20150326,50,0,2.2693,62,0,1.9729
736048,20150326,50,0,2.2693,63,0,1.9723
736048,20150326,50,0,2.2693,64,0,1.9518
736048,20150326,51,0,2.2648,52,0,2.2226
736048,20150326,51,0,2.2648,53,0,2.1786
736048,20150326,51,0,2.2648,54,0,2.141
736048,20150326,51,0,2.2648,55,0,2.1348
736048,20150326,51,0,2.2648,56,0,2.1038
736048,20150326,51,0,2.2648,57,0,2.1023
736048,20150326,51,0,2.2648,58,0,2.0693
736048,20150326,51,0,2.2648,59,0,2.0338
736048,20150326,51,0,2.2648,60,0,2.0271
736048,20150326,51,0,2.2648,61,0,1.9983
736048,20150326,51,0,2.2648,62,0,1.9729
736048,20150326,51,0,2.2648,63,0,1.9723
736048,20150326,51,0,2.2648,64,0,1.9518
736048,20150326,52,0,2.2226,53,0,2.1786
736048,20150326,52,0,2.2226,54,0,2.141
736048,20150326,52,0,2.2226,55,0,2.1348
736048,20150326,52,0,2.2226,56,0,2.1038
736048,20150326,52,0,2.2226,57,0,2.1023
736048,20150326,52,0,2.2226,58,0,2.0693
736048,20150326,52,0,2.2226,59,0,2.0338
736048,20150326,52,0,2.2226,60,0,2.0271
736048,20150326,52,0,2.2226,61,0,1.9983
736048,20150326,52,0,2.2226,62,0,1.9729
736048,20150326,52,0,2.2226,63,0,1.9723
736048,20150326,52,0,2.2226,64,0,1.9518
736048,20150326,53,0,2.1786,54,0,2.141
736048,20150326,53,0,2.1786,55,0,2.1348
736048,20150326,53,0,2.1786,56,0,2.1038
736048,20150326,53,0,2.1786,57,0,2.1023
736048,20150326,53,0,2.1786,58,0,2.0693
736048,20150326,53,0,2.1786,59,0,2.0338
736048,20150326,53,0,2.1786,60,0,2.0271
736048,20150326,53,0,2.1786,61,0,1.9983
736048,20150326,53,0,2.1786,62,0,1.9729
736048,20150326,53,0,2.1786,63,0,1.9723
736048,20150326,53,0,2.1786,64,0,1.9518
736048,20150326,54,0,2.141,55,0,2.1348
736048,20150326,54,0,2.141,56,0,2.1038
736048,20150326,54,0,2.141,57,0,2.1023
736048,20150326,54,0,2.141,58,0,2.0693
736048,20150326,54,0,2.141,59,0,2.0338
736048,20150326,54,0,2.141,60,0,2.0271
736048,20150326,54,0,2.141,61,0,1.9983
736048,20150326,54,0,2.141,62,0,1.9729
736048,20150326,54,0,2.141,63,0,1.9723
736048,20150326,54,0,2.141,64,0,1.9518
736048,20150326,55,0,2.1348,56,0,2.1038
736048,20150326,55,0,2.1348,57,0,2.1023
736048,20150326,55,0,2.1348,58,0,2.0693
736048,20150326,55,0,2.1348,59,0,2.0338
736048,20150326,55,0,2.1348,60,0,2.0271
736048,20150326,55,0,2.1348,61,0,1.9983
736048,20150326,55,0,2.1348,62,0,1.9729
736048,20150326,55,0,2.1348,63,0,1.9723
736048,20150326,55,0,2.1348,64,0,1.9518
736048,20150326,56,0,2.1038,57,0,2.1023
736048,20150326,56,0,2.1038,58,0,2.0693
736048,20150326,56,0,2.1038,59,0,2.0338
736048,20150326,56,0,2.1038,60,0,2.0271
736048,20150326,56,0,2.1038,61,0,1.9983
736048,20150326,56,0,2.1038,62,0,1.9729
736048,20150326,56,0,2.1038,63,0,1.9723
736048,20150326,56,0,2.1038,64,0,1.9518
736048,20150326,57,0,2.1023,58,0,2.0693
736048,20150326,57,0,2.1023,59,0,2.0338
736048,20150326,57,0,2.1023,60,0,2.0271
736048,20150326,57,0,2.1023,61,0,1.9983
736048,20150326,57,0,2.1023,62,0,1.9729
736048,20150326,57,0,2.1023,63,0,1.9723
736048,20150326,57,0,2.1023,64,0,1.9518
736048,20150326,58,0,2.0693,59,0,2.0338
736048,20150326,58,0,2.0693,60,0,2.0271
736048,20150326,58,0,2.0693,61,0,1.9983
736048,20150326,58,0,2.0693,62,0,1.9729
736048,20150326,58,0,2.0693,63,0,1.9723
736048,20150326,58,0,2.0693,64,0,1.9518
736048,20150326,59,0,2.0338,60,0,2.0271
736048,20150326,59,0,2.0338,61,0,1.9983
736048,20150326,59,0,2.0338,62,0,1.9729
736048,20150326,59,0,2.0338,63,0,1.9723
736048,20150326,59,0,2.0338,64,0,1.9518
736048,20150326,60,0,2.0271,61,0,1.9983
736048,20150326,60,0,2.0271,62,0,1.9729
736048,20150326,60,0,2.0271,63,0,1.9723
736048,20150326,60,0,2.0271,64,0,1.9518
736048,20150326,61,0,1.9983,62,0,1.9729
736048,20150326,61,0,1.9983,63,0,1.9723
736048,20150326,61,0,1.9983,64,0,1.9518
736048,20150326,62,0,1.9729,63,0,1.9723
736048,20150326,62,0,1.9729,64,0,1.9518
736048,20150326,63,0,1.9723,64,0,1.9518
736082,20150429,1,0,1,53,0,0
736082,20150429,18,0,1,35,0,0
736083,20150430,1,0,1,35,0,0
736083,20150430,18,0,1,53,0,0
736084,20150501,1,0,1,18,0,0
736084,20150501,53,0,1,35,0,0
736082,20150429,2,0,1,62,0,0
736082,20150429,26,0,1,40,0,0
736083,20150430,2,0,1,40,0,0
736083,20150430,26,0,1,62,0,0
736084,20150501,26,0,1,2,0,0
736084,20150501,62,0,1,40,0,0
736082,20150429,60,0,1,3,0,0
736082,20150429,23,0,1,42,0,0
736083,20150430,3,0,1,42,0,0
736083,20150430,60,0,1,23,0,0
736084,20150501,23,0,1,3,0,0
736084,20150501,60,0,1,42,0,0
736082,20150429,4,0,1,63,0,0
736082,20150429,29,0,1,33,0,0
736083,20150430,4,0,1,33,0,0
736083,20150430,29,0,1,63,0,0
736084,20150501,29,0,1,4,0,0
736084,20150501,63,0,1,33,0,0
736082,20150429,5,0,1,59,0,0
736082,20150429,17,0,1,44,0,0
736083,20150430,44,0,1,5,0,0
736083,20150430,59,0,1,17,0,0
736084,20150501,5,0,1,17,0,0
736084,20150501,59,0,1,44,0,0
736082,20150429,56,0,1,6,0,0
736082,20150429,34,0,1,22,0,0
736083,20150430,6,0,1,34,0,0
736083,20150430,56,0,1,22,0,0
736084,20150501,6,0,1,22,0,0
736084,20150501,56,0,1,34,0,0
736082,20150429,49,0,1,7,0,0
736082,20150429,24,0,1,38,0,0
736083,20150430,38,0,1,7,0,0
736083,20150430,49,0,1,24,0,0
736084,20150501,24,0,1,7,0,0
736084,20150501,38,0,1,49,0,0
736082,20150429,8,0,1,58,0,0
736082,20150429,37,0,1,21,0,0
736083,20150430,37,0,1,8,0,0
736083,20150430,58,0,1,21,0,0
736084,20150501,8,0,1,21,0,0
736084,20150501,37,0,1,58,0,0
736082,20150429,64,0,1,9,0,0
736082,20150429,36,0,1,25,0,0
736083,20150430,36,0,1,9,0,0
736083,20150430,25,0,1,64,0,0
736084,20150501,25,0,1,9,0,0
736084,20150501,36,0,1,64,0,0
736082,20150429,10,0,1,54,0,0
736082,20150429,30,0,1,39,0,0
736083,20150430,39,0,1,10,0,0
736083,20150430,54,0,1,30,0,0
736084,20150501,30,0,1,10,0,0
736084,20150501,54,0,1,39,0,0
736082,20150429,50,0,1,11,0,0
736082,20150429,46,0,1,27,0,0
736083,20150430,46,0,1,11,0,0
736083,20150430,50,0,1,27,0,0
736084,20150501,27,0,1,11,0,0
736084,20150501,50,0,1,46,0,0
736082,20150429,51,0,1,12,0,0
736082,20150429,19,0,1,45,0,0
736083,20150430,12,0,1,45,0,0
736083,20150430,19,0,1,51,0,0
736084,20150501,12,0,1,19,0,0
736084,20150501,45,0,1,51,0,0
736082,20150429,13,0,1,55,0,0
736082,20150429,47,0,1,32,0,0
736083,20150430,13,0,1,47,0,0
736083,20150430,55,0,1,32,0,0
736084,20150501,13,0,1,32,0,0
736084,20150501,55,0,1,47,0,0
736082,20150429,61,0,1,14,0,0
736082,20150429,31,0,1,41,0,0
736083,20150430,14,0,1,41,0,0
736083,20150430,31,0,1,61,0,0
736084,20150501,31,0,1,14,0,0
736084,20150501,61,0,1,41,0,0
736082,20150429,15,0,1,57,0,0
736082,20150429,48,0,1,28,0,0
736083,20150430,48,0,1,15,0,0
736083,20150430,57,0,1,28,0,0
736084,20150501,15,0,1,28,0,0
736084,20150501,48,0,1,57,0,0
736082,20150429,16,0,1,52,0,0
736082,20150429,43,0,1,20,0,0
736083,20150430,16,0,1,43,0,0
736083,20150430,20,0,1,52,0,0
736084,20150501,16,0,1,20,0,0
736084,20150501,43,0,1,52,0,0